Date,Open,High,Low,Close,Adj Close,Volume
2020-01-01,1440.0,1442.0,1422.199951171875,1426.3499755859375,1406.1922607421875,268255
2020-01-02,1428.0,1509.199951171875,1428.0,1494.6500244140625,1473.5269775390625,2000143
2020-01-03,1494.6500244140625,1505.0,1481.550048828125,1486.0999755859375,1465.097900390625,629443
2020-01-06,1480.0,1480.0,1458.1500244140625,1462.5,1441.831298828125,378702
2020-01-07,1475.0,1498.949951171875,1472.550048828125,1478.699951171875,1457.80224609375,365266
2020-01-08,1464.0,1479.5999755859375,1458.0,1473.6500244140625,1452.82373046875,190163
2020-01-09,1490.0,1498.699951171875,1473.0,1479.5999755859375,1458.6895751953125,254798
2020-01-10,1484.0,1502.0,1476.0,1485.9000244140625,1464.9007568359375,364434
2020-01-13,1493.300048828125,1504.0,1479.449951171875,1483.449951171875,1462.485107421875,374704
2020-01-14,1485.0999755859375,1502.0,1483.9000244140625,1493.300048828125,1472.196044921875,308514
2020-01-15,1488.300048828125,1529.0,1488.0,1511.949951171875,1490.5823974609375,932167
2020-01-16,1519.699951171875,1607.0,1518.050048828125,1591.550048828125,1569.0577392578125,2305288
2020-01-17,1595.550048828125,1624.0,1580.0,1618.5999755859375,1595.725341796875,893254
2020-01-20,1620.0,1659.0,1616.5,1629.550048828125,1606.5205078125,1047368
2020-01-21,1629.8499755859375,1642.5,1621.0,1626.199951171875,1603.2178955078125,317357
2020-01-22,1643.6500244140625,1664.0,1626.5,1634.449951171875,1611.351318359375,736367
2020-01-23,1638.800048828125,1699.9000244140625,1631.25,1686.9000244140625,1663.0601806640625,764590
2020-01-24,1690.0,1697.550048828125,1649.0999755859375,1668.699951171875,1645.1171875,1023849
2020-01-27,1668.0,1713.0,1662.0,1696.050048828125,1672.080810546875,791549
2020-01-28,1695.9000244140625,1704.800048828125,1673.800048828125,1677.75,1654.039306640625,681671
2020-01-29,1687.0,1694.949951171875,1671.050048828125,1688.0,1664.14453125,230705
2020-01-30,1685.0,1709.75,1680.25,1690.800048828125,1666.9049072265625,634505
2020-01-31,1699.199951171875,1699.25,1656.449951171875,1660.199951171875,1636.7373046875,377299
2020-02-03,1616.0,1717.5999755859375,1616.0,1695.8499755859375,1671.883544921875,584886
2020-02-04,1695.8499755859375,1704.9000244140625,1661.0,1671.050048828125,1647.4339599609375,384789
2020-02-05,1681.0,1681.0,1650.0,1657.449951171875,1634.0262451171875,438855
2020-02-06,1665.699951171875,1665.699951171875,1622.199951171875,1645.050048828125,1621.8013916015625,552992
2020-02-07,1649.800048828125,1678.5,1628.0,1663.1500244140625,1639.645751953125,554048
2020-02-10,1663.0,1701.5999755859375,1634.5,1665.699951171875,1642.1597900390625,778081
2020-02-11,1670.5,1702.9000244140625,1669.0,1697.949951171875,1673.9537353515625,606839
2020-02-12,1705.0,1716.949951171875,1670.550048828125,1683.5999755859375,1659.8065185546875,728165
2020-02-13,1675.0,1707.0,1655.0,1695.5,1671.5384521484375,902548
2020-02-14,1721.0,1747.699951171875,1674.449951171875,1704.4000244140625,1680.312744140625,3179224
2020-02-17,1727.0,1737.0,1700.0999755859375,1715.050048828125,1690.812255859375,808709
2020-02-18,1716.0,1784.4000244140625,1704.800048828125,1774.9000244140625,1749.81640625,1860803
2020-02-19,1774.9000244140625,1792.5999755859375,1750.699951171875,1780.5,1755.337158203125,1029649
2020-02-20,1790.0,1813.449951171875,1778.25,1800.699951171875,1775.2515869140625,799535
2020-02-24,1796.0,1813.550048828125,1764.25,1797.449951171875,1772.0474853515625,708469
2020-02-25,1798.0,1810.0,1778.0,1790.449951171875,1768.343994140625,459592
2020-02-26,1785.949951171875,1796.949951171875,1763.0,1767.199951171875,1745.381103515625,494854
2020-02-27,1765.0,1803.0,1755.0999755859375,1795.4000244140625,1773.2327880859375,919960
2020-02-28,1780.5,1799.75,1726.0999755859375,1735.800048828125,1714.368896484375,1234826
2020-03-02,1750.0,1777.9000244140625,1711.199951171875,1728.550048828125,1707.208251953125,980080
2020-03-03,1738.9000244140625,1753.199951171875,1695.0,1725.699951171875,1704.3934326171875,672514
2020-03-04,1727.0,1772.0,1711.6500244140625,1755.25,1733.57861328125,1164850
2020-03-05,1764.949951171875,1768.8499755859375,1718.5999755859375,1727.199951171875,1705.8746337890625,661463
2020-03-06,1700.0,1710.0,1673.0,1688.9000244140625,1668.0478515625,498503
2020-03-09,1650.0,1671.75,1606.0999755859375,1640.9000244140625,1620.6405029296875,486073
2020-03-11,1629.0,1642.800048828125,1611.0,1629.25,1609.1343994140625,617459
2020-03-12,1580.0,1590.050048828125,1480.300048828125,1508.0,1489.38134765625,1279868
2020-03-13,1380.0999755859375,1598.5,1379.0,1513.6500244140625,1494.961669921875,828569
2020-03-16,1431.0,1540.9000244140625,1363.3499755859375,1472.800048828125,1454.6160888671875,1197701
2020-03-17,1492.800048828125,1518.949951171875,1415.449951171875,1426.75,1409.134765625,610719
2020-03-18,1454.0,1454.0,1233.550048828125,1282.699951171875,1266.86279296875,1731130
2020-03-19,1195.0999755859375,1248.25,1052.3499755859375,1180.0999755859375,1165.52978515625,2412020
2020-03-20,1190.25,1400.4000244140625,1150.0,1362.949951171875,1346.1220703125,2002316
2020-03-23,1226.699951171875,1299.3499755859375,1149.0,1158.6500244140625,1144.3447265625,816579
2020-03-24,1250.0,1265.0,1124.1500244140625,1156.0,1141.7274169921875,1641749
2020-03-25,1180.0,1222.199951171875,1072.050048828125,1183.75,1169.134521484375,2323541
2020-03-26,1190.0,1336.300048828125,1132.0,1215.8499755859375,1200.8382568359375,2809679
2020-03-27,1259.0,1259.0,1130.300048828125,1167.0,1152.5914306640625,2480908
2020-03-30,1139.0,1167.0,1080.1500244140625,1098.25,1084.6905517578125,1207547
2020-03-31,1122.0,1155.0999755859375,1047.050048828125,1139.050048828125,1124.986572265625,1882578
2020-04-01,1136.0,1139.0,1080.050048828125,1088.8499755859375,1075.4063720703125,1017298
2020-04-03,1094.199951171875,1239.449951171875,1088.050048828125,1189.550048828125,1174.863037109375,2397409
2020-04-07,1236.0,1278.6500244140625,1212.5,1225.949951171875,1210.8134765625,1473088
2020-04-08,1225.9000244140625,1338.4000244140625,1211.0,1263.949951171875,1248.344482421875,2070258
2020-04-09,1266.0,1300.0,1256.6500244140625,1279.8499755859375,1264.0482177734375,1156777
2020-04-13,1300.0,1300.0,1229.800048828125,1279.4000244140625,1263.6038818359375,1027810
2020-04-15,1295.0,1414.949951171875,1291.5999755859375,1360.550048828125,1343.7518310546875,2274130
2020-04-16,1370.75,1440.0,1334.050048828125,1423.449951171875,1405.875244140625,1281806
2020-04-17,1450.0,1472.0,1360.0,1374.0999755859375,1357.1343994140625,1718038
2020-04-20,1385.0,1465.0,1373.0,1450.949951171875,1433.035400390625,1859711
2020-04-21,1416.0,1433.050048828125,1330.0999755859375,1351.1500244140625,1334.4678955078125,1669510
2020-04-22,1351.25,1368.3499755859375,1311.4000244140625,1348.300048828125,1331.653076171875,1272533
2020-04-23,1372.0,1416.9000244140625,1361.800048828125,1384.050048828125,1366.9617919921875,1301177
2020-04-24,1360.0,1377.5,1341.0999755859375,1359.5,1342.71484375,755944
2020-04-27,1370.0999755859375,1423.3499755859375,1370.0999755859375,1418.9000244140625,1401.3814697265625,1179779
2020-04-28,1429.800048828125,1458.199951171875,1417.050048828125,1426.449951171875,1408.838134765625,1214114
2020-04-29,1420.0,1428.800048828125,1375.0,1417.949951171875,1400.4429931640625,1010961
2020-04-30,1441.9000244140625,1441.9000244140625,1387.25,1394.3499755859375,1377.1346435546875,731401
2020-05-04,1394.6500244140625,1427.1500244140625,1355.5,1371.75,1354.8135986328125,1532116
2020-05-05,1399.0,1401.800048828125,1334.449951171875,1347.5999755859375,1330.9617919921875,652241
2020-05-06,1350.0,1359.0,1261.75,1305.75,1289.62841796875,1621448
2020-05-07,1293.949951171875,1335.0,1265.5,1271.1500244140625,1255.45556640625,935845
2020-05-08,1280.300048828125,1327.5,1276.199951171875,1314.800048828125,1298.5667724609375,1250585
2020-05-11,1320.0,1341.75,1282.4000244140625,1304.199951171875,1288.0975341796875,717988
2020-05-12,1296.0999755859375,1320.0,1280.949951171875,1301.0999755859375,1285.035888671875,663107
2020-05-13,1334.0,1334.0,1258.0,1284.550048828125,1268.690185546875,1508002
2020-05-14,1289.300048828125,1310.0,1265.800048828125,1294.4000244140625,1278.4185791015625,907116
2020-05-15,1299.0,1377.0999755859375,1290.1500244140625,1355.300048828125,1338.566650390625,1984090
2020-05-18,1355.0,1364.9000244140625,1256.0,1266.050048828125,1250.418701171875,860662
2020-05-19,1290.0,1302.0,1267.0,1274.25,1258.517333984375,960164
2020-05-20,1274.9000244140625,1298.949951171875,1270.0999755859375,1288.449951171875,1272.5419921875,531853
2020-05-21,1292.0,1310.0,1272.199951171875,1280.300048828125,1264.4925537109375,608962
2020-05-22,1270.0,1296.0,1252.6500244140625,1280.0,1264.1961669921875,775343
2020-05-26,1290.0,1338.800048828125,1286.0999755859375,1321.75,1305.4307861328125,1145344
2020-05-27,1322.199951171875,1359.5,1318.0,1337.5999755859375,1321.085205078125,1386447
2020-05-28,1340.0,1354.0,1317.0,1337.050048828125,1320.5418701171875,523206
2020-05-29,1323.0,1367.5999755859375,1314.949951171875,1356.949951171875,1340.196044921875,870048
2020-06-01,1372.0,1398.0,1357.550048828125,1373.300048828125,1356.344482421875,868868
2020-06-02,1379.0,1394.8499755859375,1350.5,1360.6500244140625,1343.8504638671875,608623
2020-06-03,1370.0,1407.0,1340.050048828125,1349.800048828125,1333.1346435546875,738592
2020-06-04,1355.0,1367.75,1336.0,1364.25,1347.40625,762916
2020-06-05,1369.5999755859375,1380.800048828125,1351.699951171875,1359.050048828125,1342.2703857421875,548928
2020-06-08,1368.5999755859375,1408.0,1352.050048828125,1364.050048828125,1347.2086181640625,746452
2020-06-09,1369.949951171875,1392.0,1352.699951171875,1364.550048828125,1347.7025146484375,517243
2020-06-10,1365.0,1378.4000244140625,1332.0,1355.6500244140625,1338.912353515625,710311
2020-06-11,1359.0,1391.0,1339.0,1347.550048828125,1330.912353515625,677212
2020-06-12,1305.0,1410.0,1302.199951171875,1403.5999755859375,1386.2705078125,1340007
2020-06-15,1394.800048828125,1429.0,1371.0,1410.699951171875,1393.28271484375,1375760
2020-06-16,1440.0,1440.0,1355.300048828125,1372.75,1355.8011474609375,1021337
2020-06-17,1375.0,1386.6500244140625,1346.6500244140625,1352.3499755859375,1335.6529541015625,481888
2020-06-18,1354.949951171875,1368.5,1336.199951171875,1347.449951171875,1330.8135986328125,591592
2020-06-19,1357.0,1384.0,1350.1500244140625,1370.699951171875,1353.7763671875,894818
2020-06-22,1380.0,1408.75,1371.6500244140625,1398.300048828125,1381.035888671875,758430
2020-06-23,1408.0,1422.0,1394.4000244140625,1416.0999755859375,1398.615966796875,630401
2020-06-24,1424.0,1440.0,1401.0,1411.800048828125,1394.3690185546875,681132
2020-06-25,1411.800048828125,1444.0,1405.5,1437.5,1419.751708984375,872300
2020-06-26,1453.0,1480.0,1376.300048828125,1388.1500244140625,1371.010986328125,3862478
2020-06-29,1381.0,1405.550048828125,1359.25,1365.050048828125,1348.1964111328125,911358
2020-06-30,1377.0,1384.449951171875,1344.0,1349.8499755859375,1333.1839599609375,759369
2020-07-01,1350.0,1353.550048828125,1311.0,1319.6500244140625,1303.356689453125,1066663
2020-07-02,1330.0,1367.9000244140625,1326.25,1362.550048828125,1345.72705078125,1095777
2020-07-03,1372.0,1401.0,1366.0,1379.800048828125,1362.764404296875,1034372
2020-07-06,1384.800048828125,1412.8499755859375,1381.5999755859375,1410.050048828125,1392.640625,684284
2020-07-07,1408.0,1426.0,1395.0,1419.25,1401.7271728515625,750569
2020-07-08,1427.0,1431.0,1387.199951171875,1393.8499755859375,1376.6405029296875,931697
2020-07-09,1405.0,1418.0,1390.3499755859375,1404.0,1386.6654052734375,534658
2020-07-10,1400.0,1439.199951171875,1396.75,1402.449951171875,1385.1343994140625,722285
2020-07-13,1414.949951171875,1442.9000244140625,1406.550048828125,1431.449951171875,1413.7763671875,769099
2020-07-14,1425.949951171875,1455.0,1418.5999755859375,1441.75,1423.9493408203125,846728
2020-07-15,1450.0999755859375,1469.8499755859375,1440.0999755859375,1465.25,1447.158935546875,821199
2020-07-16,1469.949951171875,1491.949951171875,1427.550048828125,1436.5999755859375,1418.8629150390625,1040680
2020-07-17,1436.699951171875,1507.0,1436.699951171875,1499.199951171875,1480.68994140625,1195304
2020-07-20,1507.800048828125,1517.6500244140625,1465.25,1485.0999755859375,1466.7640380859375,1032717
2020-07-21,1500.9000244140625,1520.0,1495.0,1500.0999755859375,1481.5787353515625,731642
2020-07-22,1500.0,1507.050048828125,1468.25,1481.1500244140625,1462.8626708984375,477423
2020-07-23,1485.0,1535.0,1478.4000244140625,1531.300048828125,1512.3936767578125,1015614
2020-07-24,1536.949951171875,1549.3499755859375,1496.050048828125,1512.050048828125,1493.38134765625,1481040
2020-07-27,1519.0,1531.6500244140625,1492.050048828125,1508.3499755859375,1489.7269287109375,442729
2020-07-28,1518.4000244140625,1609.300048828125,1511.0,1599.199951171875,1579.4552001953125,1886396
2020-07-29,1599.199951171875,1649.4000244140625,1581.0,1641.300048828125,1621.0357666015625,1522653
2020-07-30,1637.5,1728.0,1631.1500244140625,1716.1500244140625,1694.96142578125,2000500
2020-07-31,1717.050048828125,1717.050048828125,1643.5,1674.5999755859375,1653.92431640625,885944
2020-08-03,1670.0,1703.1500244140625,1567.0999755859375,1574.3499755859375,1554.912109375,2067390
2020-08-04,1570.0,1667.050048828125,1568.050048828125,1653.949951171875,1633.5291748046875,2098343
2020-08-05,1666.9000244140625,1715.0,1658.0,1676.25,1655.55419921875,1857434
2020-08-06,1688.5,1740.0,1654.199951171875,1693.449951171875,1672.54150390625,1406163
2020-08-07,1700.550048828125,1753.0,1700.550048828125,1743.199951171875,1721.6773681640625,1570379
2020-08-10,1758.949951171875,1798.0,1754.0,1785.1500244140625,1763.109375,1082244
2020-08-11,1790.0,1797.949951171875,1738.5,1750.75,1729.134033203125,697840
2020-08-12,1750.75,1753.6500244140625,1703.0999755859375,1707.0,1685.92431640625,804252
2020-08-13,1725.0,1777.9000244140625,1711.5,1725.0999755859375,1703.8009033203125,1005174
2020-08-14,1735.0,1750.0,1687.5,1707.3499755859375,1686.27001953125,765898
2020-08-17,1715.0,1727.25,1686.0,1704.4000244140625,1683.3563232421875,479355
2020-08-18,1704.4000244140625,1716.800048828125,1678.800048828125,1697.1500244140625,1676.1961669921875,639935
2020-08-19,1710.0,1718.25,1682.0,1685.0,1664.1959228515625,606462
2020-08-20,1679.0,1704.0,1672.0,1693.199951171875,1672.294677734375,455458
2020-08-21,1715.0,1749.0,1665.6500244140625,1677.5,1656.7884521484375,1091774
2020-08-24,1695.5,1700.0,1675.4000244140625,1690.550048828125,1669.6776123046875,525574
2020-08-25,1691.0,1716.5,1658.6500244140625,1664.449951171875,1643.8995361328125,682054
2020-08-26,1664.449951171875,1664.449951171875,1635.199951171875,1651.199951171875,1630.8133544921875,748724
2020-08-27,1656.0,1679.949951171875,1638.199951171875,1650.0,1629.6282958984375,476278
2020-08-28,1653.800048828125,1675.9000244140625,1647.550048828125,1661.949951171875,1641.4305419921875,548801
2020-08-31,1670.0,1676.949951171875,1622.0,1634.550048828125,1614.368896484375,626908
2020-09-01,1635.0,1695.0,1626.0999755859375,1670.8499755859375,1650.2205810546875,1106516
2020-09-02,1687.699951171875,1708.4000244140625,1670.0,1698.6500244140625,1677.677490234375,1098000
2020-09-03,1703.1500244140625,1717.0,1688.5,1698.949951171875,1677.9735107421875,588865
2020-09-04,1685.0,1689.75,1643.0,1649.9000244140625,1629.5294189453125,456702
2020-09-07,1654.0,1667.9000244140625,1620.4000244140625,1649.25,1628.8873291015625,443358
2020-09-08,1659.949951171875,1685.9000244140625,1630.8499755859375,1651.6500244140625,1631.2578125,710352
2020-09-09,1636.0,1688.1500244140625,1600.800048828125,1606.449951171875,1586.61572265625,1000765
2020-09-10,1600.0,1615.0,1585.050048828125,1608.9000244140625,1589.03564453125,936677
2020-09-11,1614.0,1648.6500244140625,1595.050048828125,1611.800048828125,1591.8997802734375,867578
2020-09-14,1637.9000244140625,1653.199951171875,1590.1500244140625,1623.699951171875,1603.65283203125,1094575
2020-09-15,1601.050048828125,1698.550048828125,1601.050048828125,1672.8499755859375,1652.19580078125,2802668
2020-09-16,1692.949951171875,1738.4000244140625,1678.050048828125,1688.9000244140625,1668.0478515625,2077987
2020-09-17,1695.25,1787.0,1683.4000244140625,1777.0999755859375,1758.0213623046875,2006191
2020-09-18,1777.0999755859375,1871.949951171875,1774.050048828125,1828.449951171875,1808.8199462890625,3235148
2020-09-21,1824.050048828125,1900.0,1810.949951171875,1831.550048828125,1811.886962890625,2220744
2020-09-22,1842.949951171875,1842.949951171875,1763.0,1789.1500244140625,1769.942138671875,1384803
2020-09-23,1792.0,1834.8499755859375,1760.1500244140625,1817.800048828125,1798.2845458984375,1421474
2020-09-24,1824.0,1974.0,1795.199951171875,1947.6500244140625,1926.740478515625,5742817
2020-09-25,1967.1500244140625,2047.0,1920.5999755859375,2027.6500244140625,2005.881591796875,3665739
2020-09-28,2035.0,2097.0,1999.0999755859375,2059.89990234375,2037.78515625,2422864
2020-09-29,2059.89990234375,2114.949951171875,2055.050048828125,2085.199951171875,2062.8134765625,2160713
2020-09-30,2104.0,2168.0,2086.10009765625,2148.050048828125,2124.9892578125,2025626
2020-10-01,2151.0,2158.949951171875,2076.5,2089.75,2067.31494140625,1224430
2020-10-05,2095.0,2157.0,2068.10009765625,2126.75,2103.917724609375,1594662
2020-10-06,2142.5,2155.85009765625,2103.800048828125,2125.800048828125,2102.97802734375,903168
2020-10-07,2119.699951171875,2188.39990234375,2097.0,2173.10009765625,2149.770263671875,1470503
2020-10-08,2190.0,2256.89990234375,2187.85009765625,2248.64990234375,2224.509033203125,1899346
2020-10-09,2244.89990234375,2314.0,2236.35009765625,2277.10009765625,2252.653564453125,2181213
2020-10-12,2231.0,2333.0,2231.0,2273.64990234375,2249.240234375,2053057
2020-10-13,2282.25,2292.5,2246.199951171875,2254.449951171875,2230.246337890625,939023
2020-10-14,2265.0,2273.949951171875,2210.199951171875,2227.699951171875,2203.78369140625,1405987
2020-10-15,2244.0,2290.0,2175.0,2182.60009765625,2159.16796875,2782519
2020-10-16,2210.0,2219.0,2175.0,2210.550048828125,2186.818115234375,1036072
2020-10-19,2224.300048828125,2241.0,2186.050048828125,2212.10009765625,2188.351318359375,760641
2020-10-20,2214.800048828125,2225.0,2176.10009765625,2212.25,2188.499755859375,869774
2020-10-21,2225.0,2231.449951171875,2135.699951171875,2149.5,2126.42333984375,1473524
2020-10-22,2149.5,2170.75,2092.550048828125,2101.699951171875,2079.136474609375,1391948
2020-10-23,2098.199951171875,2107.050048828125,2052.60009765625,2075.0,2052.72314453125,1124706
2020-10-26,2079.0,2111.0,2024.1500244140625,2052.300048828125,2030.2669677734375,1236009
2020-10-27,2079.449951171875,2147.0,2034.5999755859375,2118.64990234375,2095.904296875,1429726
2020-10-28,2107.85009765625,2132.050048828125,2066.0,2079.300048828125,2056.97705078125,958986
2020-10-29,2077.89990234375,2100.0,2061.0,2085.85009765625,2063.456787109375,606805
2020-10-30,2087.949951171875,2144.75,2077.949951171875,2119.449951171875,2096.69580078125,1071769
2020-11-02,2138.10009765625,2148.75,2065.0,2069.300048828125,2047.0843505859375,637352
2020-11-03,2085.0,2159.800048828125,2079.89990234375,2111.35009765625,2088.682861328125,1528660
2020-11-04,2113.0,2148.0,2088.0,2103.60009765625,2081.016357421875,725363
2020-11-05,2132.050048828125,2139.550048828125,2104.5,2122.60009765625,2099.812255859375,466474
2020-11-06,2128.0,2168.449951171875,2062.550048828125,2085.89990234375,2063.505859375,1290149
2020-11-09,2099.800048828125,2109.5,2029.1500244140625,2084.39990234375,2062.02197265625,1534921
2020-11-10,2090.0,2090.0,1986.0,2033.4000244140625,2011.5699462890625,2804380
2020-11-11,2063.0,2208.75,2050.0,2195.35009765625,2171.78125,3735087
2020-11-12,2155.0,2205.199951171875,2094.0,2110.449951171875,2087.79248046875,2435538
2020-11-13,2121.050048828125,2314.0,2111.5,2265.800048828125,2241.47509765625,4605948
2020-11-14,2275.0,2323.5,2270.050048828125,2284.64990234375,2260.122314453125,325596
2020-11-17,2284.0,2341.60009765625,2266.050048828125,2307.35009765625,2282.578369140625,1832334
2020-11-18,2291.14990234375,2328.60009765625,2282.300048828125,2288.699951171875,2264.12890625,1036844
2020-11-19,2288.699951171875,2415.0,2277.0,2299.050048828125,2274.36767578125,2584654
2020-11-20,2335.0,2398.64990234375,2324.699951171875,2349.60009765625,2324.375244140625,2144949
2020-11-23,2374.0,2402.85009765625,2328.5,2375.35009765625,2349.848876953125,1693126
2020-11-24,2382.64990234375,2423.39990234375,2296.85009765625,2313.35009765625,2288.5146484375,2018323
2020-11-25,2335.5,2355.0,2236.35009765625,2241.5,2217.435791015625,1501778
2020-11-26,2256.449951171875,2318.0,2244.0,2304.35009765625,2279.611083984375,1207176
2020-11-27,2314.949951171875,2375.0,2298.0,2347.89990234375,2322.693115234375,8998610
2020-12-01,2384.0,2508.85009765625,2349.050048828125,2463.0,2436.557861328125,2001392
2020-12-02,2474.699951171875,2485.050048828125,2375.449951171875,2411.550048828125,2385.66015625,1611325
2020-12-03,2501.0,2501.050048828125,2371.89990234375,2389.89990234375,2364.242431640625,1745381
2020-12-04,2400.0,2445.0,2400.0,2434.64990234375,2408.511962890625,1219317
2020-12-07,2434.64990234375,2468.550048828125,2418.050048828125,2432.699951171875,2406.582763671875,778998
2020-12-08,2466.0,2505.0,2415.75,2450.449951171875,2424.14208984375,1412683
2020-12-09,2505.14990234375,2520.0,2433.0,2442.699951171875,2416.4755859375,1650915
2020-12-10,2454.949951171875,2454.949951171875,2370.0,2393.050048828125,2367.35888671875,1121002
2020-12-11,2403.60009765625,2413.0,2345.0,2359.89990234375,2334.564697265625,1654915
2020-12-14,2375.800048828125,2390.35009765625,2347.0,2356.800048828125,2331.497802734375,800654
2020-12-15,2361.0,2392.60009765625,2335.0,2355.199951171875,2329.914794921875,1060707
2020-12-16,2369.0,2411.25,2360.0,2389.699951171875,2364.044677734375,948217
2020-12-17,2395.0,2423.0,2380.25,2404.5,2378.685791015625,1184865
2020-12-18,2405.0,2428.0,2367.14990234375,2387.75,2362.115478515625,1065060
2020-12-21,2385.0,2434.0,2304.699951171875,2335.449951171875,2310.377197265625,1241568
2020-12-22,2340.0,2425.0,2251.0,2408.35009765625,2382.494873046875,1249868
2020-12-23,2390.0,2460.89990234375,2390.0,2433.800048828125,2407.67138671875,1093766
2020-12-24,2435.0,2452.85009765625,2405.300048828125,2413.050048828125,2387.14404296875,543157
2020-12-28,2425.5,2429.449951171875,2375.5,2388.800048828125,2363.154541015625,784636
2020-12-29,2403.0,2415.60009765625,2371.0,2376.5,2350.986083984375,585199
2020-12-30,2382.85009765625,2404.0,2351.199951171875,2396.35009765625,2370.62353515625,569168
2020-12-31,2390.10009765625,2428.0,2385.0,2412.800048828125,2386.896728515625,855723
2021-01-01,2405.5,2430.0,2395.0,2414.85009765625,2388.9248046875,423934
2021-01-04,2418.10009765625,2429.0,2398.25,2409.25,2383.385009765625,527018
2021-01-05,2405.0,2515.85009765625,2385.800048828125,2509.449951171875,2482.5087890625,1720467
2021-01-06,2522.0,2538.85009765625,2481.0,2502.14990234375,2475.287109375,1108589
2021-01-07,2502.14990234375,2564.0,2500.0,2508.550048828125,2481.61865234375,1014690
2021-01-08,2533.89990234375,2579.0,2515.699951171875,2553.5,2526.086181640625,862326
2021-01-11,2564.75,2591.85009765625,2524.5,2550.550048828125,2523.167724609375,422296
2021-01-12,2559.0,2585.0,2508.199951171875,2517.25,2490.225341796875,500012
2021-01-13,2528.0,2537.75,2437.75,2479.199951171875,2452.583984375,662618
2021-01-14,2481.89990234375,2528.89990234375,2475.0,2512.0,2485.031494140625,603193
2021-01-15,2520.0,2613.699951171875,2510.10009765625,2592.35009765625,2564.519287109375,1941813
2021-01-18,2599.5,2630.85009765625,2547.050048828125,2609.25,2581.237548828125,1572820
2021-01-19,2618.5,2659.0,2580.0,2645.5,2617.098876953125,1202289
2021-01-20,2645.25,2682.85009765625,2643.25,2675.800048828125,2647.072998046875,1064146
2021-01-21,2675.0,2685.0,2574.39990234375,2585.050048828125,2557.29736328125,994932
2021-01-22,2590.050048828125,2652.0,2567.10009765625,2597.89990234375,2570.00927734375,1194708
2021-01-25,2610.85009765625,2708.0,2610.85009765625,2686.89990234375,2658.053955078125,1764152
2021-01-27,2698.0,2749.64990234375,2587.25,2600.39990234375,2572.482177734375,1665899
2021-01-28,2594.0,2699.5,2580.550048828125,2622.39990234375,2594.24658203125,1410605
2021-01-29,2622.60009765625,2676.5,2551.0,2561.25,2533.752685546875,921579
2021-02-01,2590.0,2676.550048828125,2528.10009765625,2663.5,2634.9052734375,879244
2021-02-02,2679.5,2745.0,2678.0,2705.14990234375,2676.107421875,607131
2021-02-03,2714.89990234375,2808.14990234375,2704.0,2720.699951171875,2691.490966796875,1286454
2021-02-04,2730.0,2747.89990234375,2686.0,2731.64990234375,2702.323486328125,455213
2021-02-05,2740.0,2783.0,2687.64990234375,2738.60009765625,2709.19873046875,941316
2021-02-08,2741.0,2780.0,2725.0,2730.25,2700.938720703125,564043
2021-02-09,2746.5,2836.60009765625,2738.10009765625,2789.300048828125,2759.354736328125,1052950
2021-02-10,2813.85009765625,2828.0,2745.64990234375,2756.5,2726.90625,745906
2021-02-11,2760.0,2779.5,2730.0,2756.5,2726.90625,581642
2021-02-12,2768.0,2790.0,2726.10009765625,2748.10009765625,2718.59716796875,693562
2021-02-15,2777.0,3127.0,2760.449951171875,3090.64990234375,3057.469482421875,4446974
2021-02-16,3089.0,3253.550048828125,3047.0,3202.75,3168.3662109375,4381584
2021-02-17,3177.0,3284.0,3177.0,3235.0,3200.26953125,2081001
2021-02-18,3225.5,3237.800048828125,3094.0,3106.75,3073.396484375,1477343
2021-02-19,3090.10009765625,3109.25,2896.0,2919.949951171875,2888.60205078125,2037556
2021-02-22,2918.449951171875,2967.89990234375,2866.89990234375,2929.550048828125,2898.09912109375,1246303
2021-02-23,2945.199951171875,3052.5,2937.5,2996.75,2964.577392578125,1465930
2021-02-24,3015.0,3120.0,3000.050048828125,3059.64990234375,3026.80224609375,1088420
2021-02-25,3101.0,3139.949951171875,3057.89990234375,3091.35009765625,3058.161865234375,819639
2021-02-26,3070.0,3173.949951171875,3020.64990234375,3058.64990234375,3025.8125,2103433
2021-03-01,3039.050048828125,3098.0,3007.550048828125,3081.14990234375,3048.071044921875,678218
2021-03-02,3105.5,3152.0,3067.39990234375,3087.300048828125,3054.15576171875,944553
2021-03-03,3115.10009765625,3119.5,3049.39990234375,3057.0,3024.1806640625,536623
2021-03-04,3058.0,3081.300048828125,3017.0,3042.10009765625,3009.440673828125,687383
2021-03-05,3000.0,3017.75,2870.0,2879.5,2848.586181640625,1486110
2021-03-08,2901.0,2935.85009765625,2846.75,2866.60009765625,2835.82470703125,952087
2021-03-09,2870.5,2926.949951171875,2826.699951171875,2886.10009765625,2855.115478515625,883183
2021-03-10,2910.0,2924.949951171875,2880.75,2904.10009765625,2872.92236328125,432551
2021-03-12,2931.10009765625,3031.0,2927.5,2976.35009765625,2944.396484375,1512021
2021-03-15,2998.0,3025.0,2915.0,2996.60009765625,2964.429443359375,918701
2021-03-16,3002.0,3080.0,2990.800048828125,3073.25,3040.25634765625,1081398
2021-03-17,3080.0,3082.300048828125,2970.0,2997.39990234375,2965.220703125,740599
2021-03-18,3026.0,3065.0,2922.0,2958.699951171875,2926.935546875,789785
2021-03-19,2954.0,2982.85009765625,2887.25,2934.60009765625,2903.0947265625,2288304
2021-03-22,2913.0,2944.25,2875.0,2905.10009765625,2873.91162109375,488626
2021-03-23,2917.89990234375,2967.800048828125,2896.85009765625,2946.75,2915.1142578125,630061
2021-03-24,2957.85009765625,2976.85009765625,2904.050048828125,2919.60009765625,2888.255615234375,627981
2021-03-25,2927.0,2993.0,2787.5,2809.35009765625,2779.189697265625,1001626
2021-03-26,2840.0,2905.0,2819.0,2851.699951171875,2821.08447265625,918204
2021-03-30,2902.5,2970.89990234375,2875.0,2925.60009765625,2894.19140625,1420415
2021-03-31,2901.0,2927.949951171875,2882.050048828125,2902.64990234375,2871.487548828125,665173
2021-04-01,2886.35009765625,2913.949951171875,2843.39990234375,2894.050048828125,2862.97998046875,842489
2021-04-05,2922.0,3015.0,2886.0,2919.5,2888.15673828125,1241115
2021-04-06,2939.0,3015.0,2927.199951171875,2983.550048828125,2951.519287109375,1015604
2021-04-07,2999.0,3115.0,2998.75,3097.800048828125,3064.54296875,1240450
2021-04-08,3134.800048828125,3144.199951171875,3089.39990234375,3114.60009765625,3081.162109375,800699
2021-04-09,3147.5,3164.14990234375,3105.89990234375,3132.14990234375,3098.523681640625,934037
2021-04-12,3119.0,3119.0,2979.050048828125,3004.75,2972.4912109375,961549
2021-04-13,3032.35009765625,3061.89990234375,2951.0,2980.75,2948.74951171875,544916
2021-04-15,3037.0,3038.949951171875,2902.300048828125,2993.5,2961.3623046875,692875
2021-04-16,2999.75,3073.0,2994.0,3061.0,3028.1376953125,622872
2021-04-19,3038.0,3243.14990234375,3005.64990234375,3157.39990234375,3123.502685546875,3552506
2021-04-20,3210.0,3309.0,3181.75,3269.64990234375,3234.547607421875,2575420
2021-04-22,3269.0,3334.10009765625,3217.25,3228.949951171875,3194.284423828125,1307224
2021-04-23,3258.0,3299.0,3171.0,3200.050048828125,3165.69482421875,1030125
2021-04-26,3230.35009765625,3253.0,3152.0,3174.64990234375,3140.5673828125,557667
2021-04-27,3200.0,3205.0,3157.800048828125,3191.050048828125,3156.7919921875,505348
2021-04-28,3210.0,3249.0,3182.60009765625,3199.25,3164.9033203125,575824
2021-04-29,3199.25,3260.0,3199.25,3238.89990234375,3204.127685546875,589707
2021-04-30,3256.0,3310.0,3182.800048828125,3197.5,3163.17236328125,906562
2021-05-03,3208.800048828125,3221.800048828125,3140.0,3204.300048828125,3169.899169921875,728281
2021-05-04,3233.14990234375,3243.25,3166.39990234375,3181.25,3147.096435546875,581864
2021-05-05,3199.800048828125,3357.0,3176.14990234375,3332.89990234375,3297.11865234375,1679977
2021-05-06,3357.85009765625,3385.89990234375,3300.699951171875,3347.14990234375,3311.215576171875,1124908
2021-05-07,3347.14990234375,3397.0,3302.0,3310.85009765625,3275.3056640625,774478
2021-05-10,3315.0,3342.60009765625,3261.60009765625,3323.699951171875,3288.017578125,627199
2021-05-11,3315.0,3315.0,3245.25,3258.199951171875,3223.220458984375,670759
2021-05-12,3274.89990234375,3274.89990234375,3185.60009765625,3196.75,3162.430419921875,703372
2021-05-14,3200.0,3211.75,3095.35009765625,3140.949951171875,3107.2294921875,842794
2021-05-17,3147.0,3189.949951171875,3115.10009765625,3152.35009765625,3118.507080078125,847722
2021-05-18,3174.0,3188.449951171875,3140.0,3163.5,3129.537109375,639445
2021-05-19,3180.199951171875,3236.10009765625,3161.699951171875,3229.699951171875,3195.02685546875,711069
2021-05-20,3245.89990234375,3272.75,3214.0,3219.949951171875,3185.38134765625,752076
2021-05-21,3246.39990234375,3259.39990234375,3225.0,3247.75,3212.8828125,471439
2021-05-24,3248.0,3285.0,3240.14990234375,3261.10009765625,3226.08935546875,611909
2021-05-25,3266.25,3267.0,3170.64990234375,3199.64990234375,3165.299072265625,622276
2021-05-26,3205.0,3220.0,3178.10009765625,3183.60009765625,3149.421142578125,260821
2021-05-27,3186.5,3223.60009765625,3153.60009765625,3199.0,3164.656005859375,1084157
2021-05-28,3199.0,3207.0,3140.0,3149.35009765625,3115.539306640625,555829
2021-05-31,3145.0,3186.300048828125,3125.0,3168.75,3134.730712890625,635444
2021-06-01,3190.0,3249.0,3160.85009765625,3239.800048828125,3205.01806640625,706976
2021-06-02,3244.300048828125,3301.0,3220.0,3273.60009765625,3238.455322265625,843219
2021-06-03,3271.0,3435.0,3267.050048828125,3425.64990234375,3388.873046875,1098294
2021-06-04,3425.35009765625,3428.64990234375,3375.0,3380.14990234375,3343.861328125,380548
2021-06-07,3380.14990234375,3380.14990234375,3308.0,3315.300048828125,3279.707763671875,526855
2021-06-08,3299.0,3312.5,3255.60009765625,3289.449951171875,3254.135009765625,766456
2021-06-09,3290.0,3331.60009765625,3251.0,3305.89990234375,3270.408447265625,587528
2021-06-10,3322.449951171875,3345.0,3297.050048828125,3325.699951171875,3289.996337890625,749909
2021-06-11,3342.35009765625,3346.0,3301.699951171875,3336.550048828125,3300.7294921875,277612
2021-06-14,3345.0,3360.0,3285.0,3350.199951171875,3314.23291015625,317756
2021-06-15,3355.0,3356.949951171875,3295.0,3298.300048828125,3262.89013671875,461588
2021-06-16,3310.0,3325.0,3278.0,3294.199951171875,3258.833740234375,419575
2021-06-17,3257.0,3282.949951171875,3225.199951171875,3240.60009765625,3205.809814453125,356502
2021-06-18,3235.0,3253.0,3162.550048828125,3221.5,3186.91455078125,520516
2021-06-21,3195.0,3252.0,3181.0,3238.0,3203.237548828125,200280
2021-06-22,3238.0,3302.949951171875,3230.10009765625,3258.199951171875,3223.220458984375,567861
2021-06-23,3274.949951171875,3274.949951171875,3212.0,3244.800048828125,3209.964599609375,504942
2021-06-24,3229.89990234375,3281.64990234375,3141.75,3203.25,3168.8603515625,1754163
2021-06-25,3253.25,3465.0,3222.25,3439.0,3402.079833984375,3717669
2021-06-28,3447.85009765625,3490.0,3402.199951171875,3454.14990234375,3417.067138671875,1213113
2021-06-29,3420.0,3604.949951171875,3420.0,3591.14990234375,3552.595947265625,2268589
2021-06-30,3617.0,3659.85009765625,3582.60009765625,3619.85009765625,3580.988525390625,1291906
2021-07-01,3619.85009765625,3696.949951171875,3595.0,3678.449951171875,3638.958740234375,876022
2021-07-02,3701.0,3744.89990234375,3667.0,3733.199951171875,3693.12060546875,573795
2021-07-05,3760.0,3762.949951171875,3702.699951171875,3718.10009765625,3678.183349609375,444545
2021-07-06,3717.89990234375,3750.75,3696.0,3706.25,3666.460693359375,344090
2021-07-07,3715.0,3757.800048828125,3697.60009765625,3715.60009765625,3675.710205078125,466002
2021-07-08,3700.0,3720.0,3657.0,3671.39990234375,3631.984375,459811
2021-07-09,3673.0,3744.0,3673.0,3725.89990234375,3685.899169921875,469932
2021-07-12,3745.0,3788.800048828125,3730.10009765625,3747.39990234375,3707.1689453125,464757
2021-07-13,3768.0,3769.949951171875,3721.0,3750.300048828125,3710.037353515625,246112
2021-07-14,3754.0,3775.0,3708.89990234375,3754.800048828125,3714.4892578125,395272
2021-07-15,3774.85009765625,3798.0,3750.550048828125,3762.35009765625,3721.95849609375,399845
2021-07-16,3762.35009765625,3787.0,3742.39990234375,3779.10009765625,3738.5283203125,226565
2021-07-19,3779.10009765625,3919.949951171875,3765.0,3883.75,3842.054931640625,1044561
2021-07-20,3890.0,3908.0,3817.300048828125,3882.949951171875,3841.263427734375,357815
2021-07-22,3890.0,4004.0,3890.0,3985.300048828125,3942.5146484375,760359
2021-07-23,3985.300048828125,3999.75,3913.0,3918.89990234375,3876.827392578125,335985
2021-07-26,3937.0,4158.7998046875,3930.0,4100.35009765625,4056.32958984375,1982531
2021-07-27,4120.89990234375,4189.64990234375,4050.449951171875,4078.25,4034.466796875,859687
2021-07-28,4100.0,4100.0,3985.5,4028.39990234375,3985.152099609375,455244
2021-07-29,4040.0,4054.550048828125,3993.199951171875,4038.75,3995.390869140625,449417
2021-07-30,4031.0,4086.449951171875,4007.5,4035.0,3991.68115234375,627367
2021-08-02,4059.64990234375,4092.949951171875,4035.050048828125,4048.14990234375,4004.690185546875,344295
2021-08-03,4090.60009765625,4225.0,4064.050048828125,4092.699951171875,4048.761474609375,981680
2021-08-04,4110.7998046875,4128.60009765625,4052.64990234375,4066.39990234375,4022.743896484375,305863
2021-08-05,4084.800048828125,4111.7001953125,4036.0,4073.75,4030.01513671875,270458
2021-08-06,4089.800048828125,4178.0498046875,4073.199951171875,4088.050048828125,4044.161376953125,717143
2021-08-09,4109.0,4111.0,3990.0,4003.699951171875,3960.717041015625,431991
2021-08-10,4024.0,4086.800048828125,4000.0,4062.800048828125,4019.182373046875,364246
2021-08-11,4065.0,4083.14990234375,3915.0,4026.35009765625,3983.1240234375,831738
2021-08-12,4027.0,4142.9501953125,3975.35009765625,4133.10009765625,4088.72802734375,556973
2021-08-13,4144.9501953125,4145.75,4038.199951171875,4064.10009765625,4020.468505859375,553736
2021-08-16,4146.0,4374.5,4125.14990234375,4345.10009765625,4298.4521484375,3709012
2021-08-17,4345.0,4974.0,4332.25,4920.5,4867.6748046875,8069431
2021-08-18,4850.0,4963.0,4762.0498046875,4787.89990234375,4739.38720703125,2941548
2021-08-20,4719.0,4934.7001953125,4697.2001953125,4746.5,4698.40673828125,2331020
2021-08-23,4780.0,4839.64990234375,4720.2001953125,4743.25,4695.189453125,699991
2021-08-24,4820.0,4888.9501953125,4750.64990234375,4840.75,4791.7021484375,1576663
2021-08-25,4865.0,4880.0,4750.0,4771.64990234375,4723.30224609375,469002
2021-08-26,4776.4501953125,4780.0,4646.39990234375,4700.39990234375,4652.7744140625,800419
2021-08-27,4717.10009765625,4832.0,4676.35009765625,4765.10009765625,4716.81884765625,937887
2021-08-30,4790.2001953125,4828.0,4721.60009765625,4757.5498046875,4709.3447265625,632354
2021-08-31,4766.10009765625,5046.0,4766.10009765625,4969.5498046875,4919.19677734375,2883159
2021-09-01,4985.0,5071.7998046875,4945.2998046875,5039.0498046875,4987.99267578125,841956
2021-09-02,5039.0498046875,5122.0,5013.0,5043.5,4992.39794921875,900686
2021-09-03,5054.0,5073.2998046875,4967.0,5014.5498046875,4963.74072265625,567961
2021-09-06,5029.0,5040.0,4972.0,4995.5,4944.88427734375,439776
2021-09-07,5020.39990234375,5023.0,4860.0,4877.0498046875,4827.6337890625,479021
2021-09-08,4900.0,4901.4501953125,4792.10009765625,4811.39990234375,4762.64892578125,642506
2021-09-09,4815.7001953125,4820.0,4685.0,4719.5498046875,4671.7294921875,838279
2021-09-13,4735.0,4796.0,4681.35009765625,4745.85009765625,4697.76416015625,1151299
2021-09-14,4773.0,4773.0,4696.7001953125,4732.4501953125,4684.49951171875,528943
2021-09-15,4750.0,4819.2001953125,4686.5498046875,4792.0498046875,4743.4951171875,659281
2021-09-16,4819.0,4890.0,4792.0498046875,4880.75,4831.296875,779552
2021-09-17,4875.0,4945.5,4864.4501953125,4908.25,4858.5185546875,814867
2021-09-20,4864.0,4952.5498046875,4781.7001953125,4878.10009765625,4828.67333984375,434640
2021-09-21,4858.0,4918.9501953125,4790.14990234375,4891.60009765625,4842.03662109375,462221
2021-09-22,4925.0,5010.0,4869.89990234375,4904.89990234375,4855.2021484375,562041
2021-09-23,4931.39990234375,5134.0,4905.0,5084.2001953125,5032.685546875,696944
2021-09-24,5156.10009765625,5198.0,4711.5498046875,4731.7998046875,4683.85546875,1949974
2021-09-27,4748.7998046875,4771.0,4464.10009765625,4565.5498046875,4519.29052734375,1885178
2021-09-28,4580.0,4629.89990234375,4376.0,4411.0498046875,4366.35546875,1051440
2021-09-29,4420.0,4507.10009765625,4400.0,4423.5,4378.68017578125,571896
2021-09-30,4445.0,4500.64990234375,4383.64990234375,4481.60009765625,4436.19140625,808446
2021-10-01,4481.60009765625,4520.0,4435.0,4459.39990234375,4414.2158203125,534563
2021-10-04,4459.89990234375,4565.0,4440.85009765625,4548.25,4502.16650390625,535335
2021-10-05,4571.0,4576.85009765625,4469.0498046875,4482.39990234375,4436.982421875,425555
2021-10-06,4495.0,4509.0,4356.0,4378.75,4334.38330078125,480575
2021-10-07,4410.0,4468.0,4381.0,4428.2998046875,4383.43115234375,276775
2021-10-08,4459.0,4459.0,4365.60009765625,4379.25,4334.87744140625,269607
2021-10-11,4401.10009765625,4422.9501953125,4360.0,4377.14990234375,4332.79931640625,331320
2021-10-12,4349.0,4407.0498046875,4293.2998046875,4351.2998046875,4307.21142578125,612692
2021-10-13,4385.0,4409.0,4340.0,4377.5,4333.14599609375,302343
2021-10-14,4403.9501953125,4429.75,4312.35009765625,4328.39990234375,4284.54345703125,436160
2021-10-18,4449.0,4449.0,4321.64990234375,4330.39990234375,4286.52294921875,345049
2021-10-19,4352.0,4387.64990234375,4226.64990234375,4301.0498046875,4257.470703125,285362
2021-10-20,4301.0498046875,4317.35009765625,4135.0,4146.75,4104.73388671875,510321
2021-10-21,4187.0,4234.89990234375,4075.25,4134.85009765625,4092.954833984375,698306
2021-10-22,4155.5,4189.4501953125,4002.35009765625,4028.39990234375,3987.5830078125,347114
2021-10-25,4045.39990234375,4250.89990234375,3955.0,4164.0,4121.80908203125,1151030
2021-10-26,4164.0,4308.5,4135.5498046875,4267.9501953125,4224.70654296875,790450
2021-10-27,4278.7998046875,4325.10009765625,4215.14990234375,4276.5498046875,4233.21875,623848
2021-10-28,4277.7998046875,4314.0,4225.0,4289.5,4246.0380859375,537955
2021-10-29,4289.5,4349.0,4161.0498046875,4262.0498046875,4218.86572265625,705546
2021-11-01,4281.2001953125,4350.0,4258.0,4336.60009765625,4292.66015625,239375
2021-11-02,4340.0,4395.0,4270.5498046875,4289.89990234375,4246.43310546875,389193
2021-11-03,4317.0,4449.9501953125,4300.0498046875,4438.60009765625,4393.62744140625,667752
2021-11-04,4448.0,4478.0,4419.85009765625,4438.5498046875,4393.5771484375,69818
2021-11-08,4438.60009765625,4475.0,4378.0,4405.35009765625,4360.71337890625,285968
2021-11-09,4454.0,4555.5498046875,4420.0,4532.89990234375,4486.9716796875,547476
2021-11-10,4522.10009765625,4584.0,4480.0,4552.85009765625,4506.71923828125,359967
2021-11-11,4545.10009765625,4728.10009765625,4527.0498046875,4567.25,4520.97314453125,1110123
2021-11-12,4612.89990234375,4688.0,4571.14990234375,4669.5,4622.18701171875,423439
2021-11-15,4800.7998046875,5147.5498046875,4800.7998046875,5080.9501953125,5029.46875,3044498
2021-11-16,5080.0,5205.0,5040.0,5096.85009765625,5045.20703125,1118231
2021-11-17,5080.0,5844.39990234375,5075.14990234375,5733.9501953125,5675.85205078125,6482125
2021-11-18,5733.9501953125,5843.7998046875,5546.14990234375,5588.60009765625,5531.97509765625,2165157
2021-11-22,5597.0,5640.0,5313.0,5419.5,5364.587890625,1204625
2021-11-23,5374.5,5540.0,5350.0,5454.25,5398.98583984375,763056
2021-11-24,5466.0,5481.4501953125,5305.10009765625,5397.2001953125,5342.51416015625,697909
2021-11-25,5400.0,5750.0,5325.0498046875,5701.0498046875,5643.28466796875,1575738
2021-11-26,5709.0,5935.39990234375,5627.4501953125,5687.60009765625,5629.9716796875,2613669
2021-11-29,5770.0,5858.0,5550.0,5727.5,5669.46728515625,1189390
2021-11-30,5755.0,5829.9501953125,5629.60009765625,5687.75,5630.1201171875,1352746
2021-12-01,5718.7001953125,5765.0,5531.7001953125,5571.0,5514.552734375,835169
2021-12-02,5625.75,5809.0,5578.85009765625,5592.9501953125,5536.28076171875,1236317
2021-12-03,5592.9501953125,5654.64990234375,5420.0,5432.39990234375,5377.357421875,844674
2021-12-06,5467.0,5468.0,5276.0498046875,5299.7998046875,5246.10107421875,489242
2021-12-07,5299.7998046875,5435.25,5235.9501953125,5314.64990234375,5260.7998046875,595254
2021-12-08,5313.0,5367.0,5278.0,5333.5,5279.458984375,557196
2021-12-09,5370.0,5386.0,5211.0,5232.7998046875,5179.779296875,689987
2021-12-10,5265.0,5328.39990234375,5230.5,5245.2998046875,5192.1533203125,416165
2021-12-13,5286.7001953125,5329.0,5175.0,5206.7001953125,5153.9443359375,480443
2021-12-14,5126.0,5250.0,5065.0498046875,5212.0,5159.1904296875,1007056
2021-12-15,5230.0,5269.89990234375,5170.0498046875,5192.5498046875,5139.9375,377883
2021-12-16,5229.9501953125,5242.0,5143.0,5204.2998046875,5151.56787109375,265216
2021-12-17,5200.0,5200.0,4730.0,4786.7001953125,4738.19970703125,1133941
2021-12-20,4780.0,4824.0,4643.14990234375,4704.9501953125,4657.2783203125,994682
2021-12-21,4760.0,4870.0,4695.0498046875,4847.60009765625,4798.48291015625,1004676
2021-12-22,4900.2001953125,4900.25,4750.0,4775.5498046875,4727.16259765625,779992
2021-12-23,4803.0,4899.0,4786.5498046875,4877.5498046875,4828.12890625,582129
2021-12-24,4880.0,4905.9501953125,4823.75,4842.5,4793.4345703125,348742
2021-12-27,4854.35009765625,4860.0,4755.0,4840.0498046875,4791.00927734375,315490
2021-12-28,4854.7998046875,4894.0,4810.2001953125,4844.2001953125,4795.11767578125,348173
2021-12-29,4865.0,4991.2998046875,4833.0,4976.60009765625,4926.17578125,861183
2021-12-30,4999.9501953125,5009.64990234375,4940.0,4970.75,4920.38525390625,617460
2021-12-31,4980.0,5056.7998046875,4953.0,5013.39990234375,4962.6025390625,504012
2022-01-03,5038.4501953125,5068.0,4978.85009765625,4990.5,4939.9345703125,310798
2022-01-04,5015.0,5028.89990234375,4921.10009765625,4964.60009765625,4914.29736328125,369814
2022-01-05,4962.0,5138.64990234375,4922.0,4973.25,4922.859375,966342
2022-01-06,4970.0,5038.0,4905.0,4964.4501953125,4914.14892578125,585391
2022-01-07,4960.0,5059.10009765625,4958.0,5021.85009765625,4970.9677734375,549876
2022-01-10,5021.85009765625,5085.0,4963.0,5065.25,5013.927734375,542304
2022-01-11,5050.0,5141.5,5020.2998046875,5059.0498046875,5007.78955078125,742409
2022-01-12,5075.0,5099.0,5005.64990234375,5014.39990234375,4963.591796875,360219
2022-01-13,5024.89990234375,5051.0,4953.14990234375,4983.35009765625,4932.85791015625,457570
2022-01-14,4997.89990234375,5015.0,4930.0,4974.0498046875,4923.6513671875,207639
2022-01-17,4974.0,4984.7001953125,4900.0,4911.75,4861.98193359375,337077
2022-01-18,4900.0,4909.89990234375,4505.0,4615.7998046875,4569.03125,3507266
2022-01-19,4615.0,4615.0,4400.0,4515.9501953125,4470.19287109375,2404880
2022-01-20,4525.0,4725.0,4490.0,4644.7998046875,4597.73681640625,2747887
2022-01-21,4649.9501953125,4733.75,4544.85009765625,4691.64990234375,4644.11279296875,1008450
2022-01-24,4690.0,4710.7998046875,4462.25,4498.14990234375,4452.57373046875,737762
2022-01-25,4415.0,4535.0,4250.10009765625,4486.0,4440.54638671875,917284
2022-01-27,4427.0,4427.0,4150.0,4292.25,4248.759765625,1244330
2022-01-28,4346.0,4565.0,4335.25,4478.60009765625,4433.22119140625,932049
2022-01-31,4584.0,4584.0,4358.0498046875,4457.35009765625,4412.18701171875,934551
2022-02-01,4478.7998046875,4532.25,4444.0,4512.0498046875,4466.33251953125,548762
2022-02-02,4530.0,4683.0,4520.64990234375,4666.2998046875,4619.01904296875,676206
2022-02-03,4667.9501953125,4704.75,4602.7998046875,4642.7998046875,4595.7578125,777217
2022-02-04,4640.0,4794.0,4601.75,4687.89990234375,4640.40087890625,829635
2022-02-07,4687.39990234375,4724.5498046875,4450.0498046875,4475.14990234375,4429.806640625,597040
2022-02-08,4497.5,4529.7001953125,4380.0,4399.5,4354.92333984375,628869
2022-02-09,4514.7001953125,4587.0,4430.0498046875,4577.25,4530.87255859375,842211
2022-02-10,4576.0498046875,4623.0,4528.10009765625,4590.64990234375,4544.13623046875,487802
2022-02-11,4610.0,4613.4501953125,4476.4501953125,4514.89990234375,4469.1533203125,572726
2022-02-14,4479.10009765625,4678.0,4402.75,4486.35009765625,4440.89306640625,1094132
2022-02-15,4530.0,4675.0,4501.89990234375,4663.39990234375,4616.14892578125,791080
2022-02-16,4695.0,4724.0,4555.0498046875,4584.7998046875,4538.345703125,584166
2022-02-17,4584.0,4667.5,4550.0,4564.7001953125,4518.44970703125,520450
2022-02-18,4504.0,4592.7998046875,4462.5498046875,4471.5498046875,4426.2431640625,388145
2022-02-21,4471.0,4524.9501953125,4390.64990234375,4426.64990234375,4381.7978515625,392246
2022-02-22,4327.0,4605.5498046875,4300.0,4576.0498046875,4529.68408203125,833525
2022-02-23,4595.0,4735.0,4590.5,4610.7998046875,4564.08154296875,755051
2022-02-24,4425.0,4535.0,4351.0498046875,4381.9501953125,4337.55078125,814710
2022-02-25,4570.0,4747.60009765625,4465.75,4633.4501953125,4586.50244140625,1187316
2022-02-28,4615.0,4826.0,4571.2001953125,4802.7998046875,4754.13671875,1617666
2022-03-02,4827.0,4903.9501953125,4780.2001953125,4861.25,4811.99462890625,1194676
2022-03-03,4880.0,4969.0,4875.0498046875,4917.7998046875,4867.97119140625,930907
2022-03-04,4880.0,4889.39990234375,4732.2001953125,4747.25,4699.14990234375,738388
2022-03-07,4620.0,4732.7998046875,4583.85009765625,4664.35009765625,4617.08935546875,643012
2022-03-08,4660.0,4740.0,4595.39990234375,4722.25,4674.40234375,670238
2022-03-09,4779.0,4814.89990234375,4694.0,4710.9501953125,4663.21728515625,447387
2022-03-10,4805.60009765625,4819.0,4745.0,4769.7001953125,4721.37255859375,363906
2022-03-11,4748.0,4863.0,4735.25,4854.10009765625,4804.9169921875,436703
2022-03-14,4890.0,5016.5498046875,4864.0498046875,4923.5,4873.61376953125,626924
2022-03-15,4949.9501953125,4999.0,4700.0,4812.9501953125,4764.18408203125,686998
2022-03-16,4893.60009765625,4957.14990234375,4832.2001953125,4943.64990234375,4893.55908203125,477521
2022-03-17,4947.0,4998.0,4824.89990234375,4839.89990234375,4790.861328125,852493
2022-03-21,4875.0,4914.89990234375,4755.0498046875,4767.39990234375,4719.09521484375,509842
2022-03-22,4798.0,4828.0,4471.85009765625,4677.60009765625,4630.20458984375,1255679
2022-03-23,4697.5,4716.0498046875,4595.60009765625,4608.2001953125,4561.5087890625,896055
2022-03-24,4599.9501953125,4685.0,4558.60009765625,4628.5498046875,4581.65185546875,719101
2022-03-25,4670.0,4764.0,4622.39990234375,4683.2001953125,4635.748046875,968364
2022-03-28,4712.7998046875,4720.0,4600.0498046875,4658.60009765625,4611.39794921875,524802
2022-03-29,4685.89990234375,4697.5,4599.0498046875,4613.75,4567.001953125,778391
2022-03-30,4677.0,4693.7001953125,4579.64990234375,4614.7998046875,4568.04150390625,4839707
2022-03-31,4625.0,4634.7001953125,4500.85009765625,4516.10009765625,4470.341796875,1225845
2022-04-01,4558.0,4558.0,4455.10009765625,4506.89990234375,4461.23486328125,827880
2022-04-04,4557.0,4583.2998046875,4499.0,4564.9501953125,4518.69677734375,619577
2022-04-05,4605.0,4605.0,4542.14990234375,4554.25,4508.1044921875,487075
2022-04-06,4567.0,4609.0,4498.14990234375,4511.75,4466.03515625,653418
2022-04-07,4531.0,4583.7001953125,4490.0,4536.5,4490.53515625,413722
2022-04-08,4574.0,4628.5,4514.0,4606.14990234375,4559.4794921875,685882
2022-04-11,4607.0,4686.64990234375,4575.5,4662.14990234375,4614.912109375,652187
2022-04-12,4669.0,4682.0,4594.5498046875,4626.2998046875,4579.4248046875,574409
2022-04-13,4629.0,4764.0,4629.0,4744.4501953125,4696.3779296875,812061
2022-04-18,4724.5,4744.4501953125,4518.0,4554.5,4508.3525390625,579482
2022-04-19,4594.0,4870.0,4583.39990234375,4816.35009765625,4767.5498046875,1713344
2022-04-20,4806.0,4850.0,4731.39990234375,4780.9501953125,4732.5078125,777140
2022-04-21,4840.0,4903.64990234375,4770.10009765625,4885.25,4835.75146484375,771623
2022-04-22,4849.9501953125,4860.0,4788.0,4813.7001953125,4764.9267578125,381911
2022-04-25,4765.60009765625,4765.60009765625,4608.35009765625,4676.0498046875,4628.6708984375,421185
2022-04-26,4733.0,4741.0,4601.0,4624.0498046875,4577.19775390625,548203
2022-04-27,4620.0,4658.9501953125,4500.0,4522.9501953125,4477.12255859375,476441
2022-04-28,4580.0,4603.0,4505.0498046875,4537.85009765625,4491.87060546875,552600
2022-04-29,4545.0,4596.0,4431.0,4454.35009765625,4409.21728515625,465103
2022-05-02,4440.0,4440.0,4290.0,4304.75,4261.1328125,568610
2022-05-04,4302.5,4325.35009765625,3996.050048828125,4013.300048828125,3972.635986328125,1729814
2022-05-05,4042.0,4054.14990234375,3930.0,3949.10009765625,3909.086669921875,1122769
2022-05-06,3898.64990234375,3898.64990234375,3791.050048828125,3827.35009765625,3788.570068359375,891448
2022-05-09,3805.0,3807.949951171875,3739.64990234375,3766.35009765625,3728.1884765625,521295
2022-05-10,3770.0,3782.699951171875,3661.800048828125,3686.89990234375,3649.54296875,836241
2022-05-11,3709.89990234375,3734.89990234375,3619.64990234375,3679.64990234375,3642.36669921875,524764
2022-05-12,3650.0,3650.0,3541.449951171875,3580.85009765625,3544.56787109375,717916
2022-05-13,3601.89990234375,3712.89990234375,3530.0,3547.800048828125,3511.8525390625,957908
2022-05-16,3581.0,3707.89990234375,3553.050048828125,3686.75,3649.39453125,600622
2022-05-17,3712.0,3832.949951171875,3678.050048828125,3813.14990234375,3774.513916015625,843357
2022-05-18,3822.0,3842.0,3725.0,3735.0,3697.15576171875,427461
2022-05-19,3609.60009765625,3717.85009765625,3609.60009765625,3631.800048828125,3595.00146484375,572640
2022-05-20,3695.0,3695.0,3586.0,3668.0,3630.834716796875,692428
2022-05-23,3668.0,3764.64990234375,3666.0,3716.949951171875,3679.2890625,401917
2022-05-24,3740.0,3740.0,3613.5,3631.64990234375,3594.852783203125,471324
2022-05-25,3650.25,3673.949951171875,3486.14990234375,3524.300048828125,3488.5908203125,370431
2022-05-26,3386.0,3709.0,3361.550048828125,3662.800048828125,3625.6875,1730687
2022-05-27,3700.0,3880.0,3573.0,3861.75,3822.62158203125,1733752
2022-05-30,3890.0,3915.550048828125,3820.449951171875,3891.949951171875,3852.515625,666686
2022-05-31,3855.0,3999.800048828125,3839.050048828125,3979.300048828125,3938.98046875,1361696
2022-06-01,3939.550048828125,3989.75,3790.050048828125,3839.0,3800.102294921875,794887
2022-06-02,3845.0,3845.0,3623.75,3645.25,3608.315185546875,1891062
2022-06-03,3689.0,3693.949951171875,3546.35009765625,3588.800048828125,3552.437255859375,1305662
2022-06-06,3580.10009765625,3649.89990234375,3542.10009765625,3633.699951171875,3596.882080078125,561188
2022-06-07,3633.699951171875,3633.699951171875,3525.0,3609.300048828125,3572.729248046875,490554
2022-06-08,3600.0,3645.0,3557.0,3636.199951171875,3599.35693359375,342056
2022-06-09,3624.800048828125,3680.64990234375,3561.0,3670.050048828125,3632.864013671875,483671
2022-06-10,3620.5,3715.0,3595.5,3700.5,3663.00537109375,624657
2022-06-13,3649.0,3678.050048828125,3592.0,3651.89990234375,3614.897705078125,523342
2022-06-14,3628.199951171875,3757.85009765625,3622.75,3706.199951171875,3668.647705078125,655865
2022-06-15,3737.949951171875,3756.10009765625,3645.89990234375,3722.699951171875,3684.98046875,466405
2022-06-16,3745.0,3775.0,3647.0,3663.64990234375,3626.529052734375,678602
2022-06-17,3600.0,3724.0,3556.10009765625,3701.25,3663.747802734375,768620
2022-06-20,3700.0,3825.0,3682.89990234375,3811.699951171875,3773.07861328125,673219
2022-06-21,3849.949951171875,3869.0,3794.050048828125,3808.199951171875,3769.614013671875,596024
2022-06-22,3789.050048828125,3807.75,3713.25,3787.75,3749.37109375,359601
2022-06-23,3761.800048828125,3857.0,3723.14990234375,3850.5,3811.48583984375,646244
2022-06-24,3902.0,3922.0,3762.0,3838.39990234375,3799.50830078125,1024811
2022-06-27,3849.0,3870.0,3775.0,3794.5,3756.052978515625,708737
2022-06-28,3759.050048828125,3846.64990234375,3722.89990234375,3837.35009765625,3798.46923828125,463753
2022-06-29,3767.199951171875,3817.949951171875,3695.0,3713.0,3675.37890625,567477
2022-06-30,3714.0,3765.5,3656.39990234375,3683.5,3646.177734375,534241
2022-07-01,3680.0,3745.0,3635.199951171875,3736.14990234375,3698.2939453125,316894
2022-07-04,3732.0,3782.800048828125,3700.050048828125,3770.10009765625,3731.900146484375,300790
2022-07-05,3761.0,3874.75,3761.0,3817.39990234375,3778.720947265625,468762
2022-07-06,3809.10009765625,3889.550048828125,3783.5,3883.5,3844.1513671875,390568
2022-07-07,3894.050048828125,3930.0,3868.25,3915.25,3875.57958984375,398354
2022-07-08,3918.0,3946.0,3910.0,3936.14990234375,3896.267333984375,268377
2022-07-11,3935.0,3968.14990234375,3895.050048828125,3933.25,3893.397216796875,199806
2022-07-12,3900.0,4098.7001953125,3900.0,3929.699951171875,3889.88330078125,1125104
2022-07-13,3951.14990234375,3958.949951171875,3861.199951171875,3868.300048828125,3829.10546875,385514
2022-07-14,3927.0,3979.300048828125,3880.050048828125,3898.050048828125,3858.5537109375,656393
2022-07-15,3898.050048828125,3944.0,3875.0,3931.699951171875,3891.86279296875,318645
2022-07-18,3940.10009765625,3970.800048828125,3890.14990234375,3947.10009765625,3907.107177734375,291155
2022-07-19,3944.39990234375,4032.949951171875,3923.39990234375,4020.199951171875,3979.466064453125,412946
2022-07-20,4090.0,4141.7001953125,4030.050048828125,4110.25,4068.60400390625,753440
2022-07-21,4112.0,4169.85009765625,4096.35009765625,4150.0498046875,4108.00048828125,542974
2022-07-22,4150.2001953125,4169.60009765625,4089.949951171875,4125.2998046875,4083.5009765625,378496
2022-07-25,4144.0,4252.89990234375,4138.0498046875,4189.89990234375,4147.4462890625,1127478
2022-07-26,4185.0,4188.9501953125,4088.0,4110.2001953125,4068.554443359375,363638
2022-07-27,4112.0,4136.9501953125,4022.0,4125.60009765625,4083.798583984375,440198
2022-07-28,4149.0,4206.0,4135.0,4190.5,4148.0400390625,364711
2022-07-29,4206.0,4252.7998046875,4187.0,4212.2998046875,4169.61962890625,333278
2022-08-01,4240.0,4293.75,4190.0,4288.10009765625,4244.65234375,311325
2022-08-02,4311.0,4348.25,4270.9501953125,4325.89990234375,4282.06787109375,440869
2022-08-03,4325.9501953125,4386.75,4280.10009765625,4310.0498046875,4266.37890625,367949
2022-08-04,4322.9501953125,4409.0,4310.0,4395.7998046875,4351.259765625,358472
2022-08-05,4395.7998046875,4422.0,4335.0,4374.10009765625,4329.7802734375,207510
2022-08-08,4388.9501953125,4474.5498046875,4380.0498046875,4427.35009765625,4382.49072265625,445755
2022-08-10,4438.89990234375,4625.9501953125,4397.10009765625,4517.14990234375,4471.38037109375,867000
2022-08-11,4539.60009765625,4552.5,4418.0,4429.64990234375,4384.76708984375,446510
2022-08-12,4350.0498046875,4394.7998046875,4276.10009765625,4312.75,4269.05224609375,1412625
2022-08-16,4350.0,4381.5498046875,4206.89990234375,4349.39990234375,4305.33056640625,596342
2022-08-17,4349.0,4370.0498046875,4285.85009765625,4305.75,4262.123046875,502434
2022-08-18,4315.0,4338.60009765625,4250.0,4266.64990234375,4234.9755859375,580509
2022-08-19,4291.0,4309.4501953125,4120.0,4135.35009765625,4104.650390625,719126
2022-08-22,4133.0,4133.0,3995.60009765625,4024.89990234375,3995.0205078125,723542
2022-08-23,4024.800048828125,4093.449951171875,3987.85009765625,4070.949951171875,4040.728759765625,497236
2022-08-24,4079.0,4220.0,4077.949951171875,4210.75,4179.49072265625,956039
2022-08-25,4215.0,4239.85009765625,4156.7001953125,4168.7998046875,4137.8515625,414795
2022-08-26,4207.0,4235.75,4156.2001953125,4215.25,4183.95751953125,342452
2022-08-29,4100.0,4272.0,4086.0,4251.5,4219.9384765625,914112
2022-08-30,4251.5,4337.5,4233.2001953125,4322.89990234375,4290.80859375,848217
2022-09-01,4298.0,4328.9501953125,4244.0,4277.14990234375,4245.3974609375,390072
2022-09-02,4309.7998046875,4398.0,4284.0,4312.35009765625,4280.33642578125,735146
2022-09-05,4282.0,4308.60009765625,4233.0,4282.5498046875,4250.75732421875,522750
2022-09-06,4298.89990234375,4422.0,4291.75,4415.5,4382.720703125,1078704
2022-09-07,4379.2001953125,4410.0,4335.0,4376.5,4344.0107421875,396347
2022-09-08,4400.0,4444.89990234375,4361.0,4414.7998046875,4382.0263671875,562760
2022-09-09,4436.89990234375,4474.89990234375,4415.0,4460.35009765625,4427.23828125,476210
2022-09-12,4473.0,4501.7998046875,4447.0498046875,4481.60009765625,4448.33056640625,331303
2022-09-13,4520.0,4520.0,4466.2998046875,4490.10009765625,4456.76708984375,309270
2022-09-14,4405.35009765625,4480.0,4405.35009765625,4427.60009765625,4394.73095703125,362669
2022-09-15,4449.75,4459.14990234375,4328.0498046875,4341.85009765625,4309.6171875,427750
2022-09-16,4342.0,4363.2998046875,4257.0,4279.75,4247.978515625,458526
2022-09-19,4295.89990234375,4331.0,4226.7001953125,4308.2001953125,4276.2177734375,266140
2022-09-20,4316.5,4595.0,4316.5,4559.35009765625,4525.5029296875,1173769
2022-09-21,4556.0,4668.5,4556.0,4604.7998046875,4570.615234375,1177984
2022-09-22,4569.5498046875,4631.2001953125,4522.2001953125,4608.89990234375,4574.6845703125,511789
2022-09-23,4610.0,4719.0,4382.85009765625,4418.4501953125,4385.6494140625,1205497
2022-09-26,4418.4501953125,4420.4501953125,4191.10009765625,4282.7001953125,4250.9072265625,843901
2022-09-27,4335.0,4354.10009765625,4205.0,4242.9501953125,4211.4521484375,651304
2022-09-28,4229.0,4295.0,4183.10009765625,4268.9501953125,4237.2587890625,395837
2022-09-29,4297.4501953125,4404.64990234375,4284.9501953125,4391.7001953125,4359.09765625,631907
2022-09-30,4352.2001953125,4484.89990234375,4352.2001953125,4383.39990234375,4350.85888671875,761064
2022-10-03,4385.0,4490.0,4350.9501953125,4365.2001953125,4332.7939453125,454169
2022-10-04,4430.0,4444.5498046875,4365.2001953125,4404.39990234375,4371.70361328125,307009
2022-10-06,4426.4501953125,4450.0,4361.2998046875,4390.5,4357.90673828125,272050
2022-10-07,4379.60009765625,4433.0,4353.5498046875,4394.10009765625,4361.4794921875,501530
2022-10-10,4375.0,4420.0,4295.0,4340.60009765625,4308.376953125,207878
2022-10-11,4362.35009765625,4362.35009765625,4263.64990234375,4275.5498046875,4243.80908203125,258216
2022-10-12,4280.0,4350.0,4245.0,4287.0498046875,4255.224609375,621343
2022-10-13,4270.10009765625,4317.9501953125,4236.0,4266.0498046875,4234.3798828125,277038
2022-10-14,4301.0,4324.0,4264.0498046875,4297.14990234375,4265.24951171875,254366
2022-10-17,4290.0,4300.5498046875,4221.0498046875,4290.85009765625,4258.99609375,254734
2022-10-18,4325.0,4377.0,4258.0,4366.0,4333.587890625,387469
2022-10-19,4380.0,4405.89990234375,4341.10009765625,4388.75,4356.16943359375,249672
2022-10-20,4384.0,4393.2998046875,4295.2001953125,4322.5,4290.41064453125,370651
2022-10-21,4344.14990234375,4430.0,4322.7001953125,4389.0498046875,4356.46728515625,364601
2022-10-24,4410.2001953125,4435.0,4320.0,4410.14990234375,4377.41064453125,30919
2022-10-25,4437.7998046875,4449.89990234375,4372.0,4404.0498046875,4371.35498046875,474364
2022-10-27,4445.0,4499.0,4402.85009765625,4431.85009765625,4398.94921875,421237
2022-10-28,4454.25,4584.0,4415.0,4567.0,4533.09619140625,691801
2022-10-31,4582.10009765625,4625.0,4491.5,4517.5,4483.9638671875,433481
2022-11-01,4577.0,4647.0,4470.0,4511.35009765625,4477.85986328125,866656
2022-11-02,4512.0,4532.7998046875,4370.0,4383.10009765625,4350.5615234375,643118
2022-11-03,4370.0,4425.0,4349.35009765625,4395.0,4362.373046875,457168
2022-11-04,4410.0,4410.0,4340.0498046875,4362.60009765625,4330.21337890625,669679
2022-11-07,4384.4501953125,4420.0,4336.4501953125,4363.7998046875,4331.40478515625,356178
2022-11-09,4347.0,4435.0,4344.0,4361.2001953125,4328.82373046875,378028
2022-11-10,4374.5,4377.4501953125,4250.0,4285.4501953125,4253.63623046875,527721
2022-11-11,4386.0,4540.0,4330.0498046875,4421.39990234375,4388.5771484375,1685313
2022-11-14,4430.0,4568.0,4425.2001953125,4556.7001953125,4522.8720703125,886587
2022-11-15,4560.0,4629.0,4527.0,4611.9501953125,4577.712890625,492794
2022-11-16,4605.0,4610.0,4461.0,4479.25,4445.99755859375,499585
2022-11-17,4490.0,4515.9501953125,4370.7001953125,4400.2998046875,4367.63330078125,430622
2022-11-18,4430.0,4449.0,4320.0,4399.14990234375,4366.49169921875,385705
2022-11-21,4403.9501953125,4440.0,4341.0,4418.85009765625,4386.0458984375,336664
2022-11-22,4420.9501953125,4480.0,4380.0,4469.7998046875,4436.6171875,310657
2022-11-23,4482.2998046875,4616.14990234375,4448.0,4605.2001953125,4571.01220703125,799422
2022-11-24,4630.0,4833.0,4614.0,4815.0498046875,4779.3046875,1822610
2022-11-25,4815.0,4885.0,4751.0498046875,4789.4501953125,4753.89453125,1069669
2022-11-28,4761.0,4768.85009765625,4683.25,4721.85009765625,4686.796875,598162
2022-11-29,4725.0,4842.0,4707.64990234375,4719.2001953125,4684.1669921875,910558
2022-11-30,4719.2001953125,4760.10009765625,4642.60009765625,4726.39990234375,4691.3125,1113421
2022-12-01,4765.0,4794.0,4701.0498046875,4775.7001953125,4740.2470703125,611403
2022-12-02,4771.0,4882.9501953125,4743.0498046875,4871.4501953125,4835.28564453125,996306
2022-12-05,4885.0,4901.9501953125,4766.9501953125,4778.35009765625,4742.87744140625,684834
2022-12-06,4770.35009765625,4800.0,4715.0,4788.0498046875,4752.5048828125,354855
2022-12-07,4804.7001953125,4815.0,4710.89990234375,4727.39990234375,4692.30517578125,354913
2022-12-08,4738.0,4777.85009765625,4681.39990234375,4704.5,4669.57568359375,336491
2022-12-09,4728.0,4735.9501953125,4675.25,4685.10009765625,4650.3193359375,271785
2022-12-12,4677.0,4756.0,4630.0,4742.2998046875,4707.0947265625,445259
2022-12-13,4746.0,4761.35009765625,4661.2998046875,4678.85009765625,4644.1162109375,363818
2022-12-14,4712.0,4712.0,4656.60009765625,4666.14990234375,4631.51025390625,356293
2022-12-15,4679.9501953125,4686.60009765625,4627.64990234375,4642.89990234375,4608.4326171875,316614
2022-12-16,4638.0,4638.0,4551.7001953125,4565.14990234375,4531.259765625,342890
2022-12-19,4600.0,4620.0,4521.0498046875,4610.4501953125,4576.22412109375,308464
2022-12-20,4610.35009765625,4616.4501953125,4540.25,4596.64990234375,4562.52587890625,282355
2022-12-21,4610.7998046875,4788.4501953125,4602.2001953125,4766.2001953125,4730.8173828125,877375
2022-12-22,4795.0,4848.7998046875,4725.0,4781.7001953125,4746.20263671875,902304
2022-12-23,4765.7001953125,4805.0,4686.35009765625,4700.14990234375,4665.2578125,473498
2022-12-26,4723.7001953125,4740.0,4652.5,4684.0498046875,4649.27685546875,247357
2022-12-27,4685.0,4712.7001953125,4625.64990234375,4643.7998046875,4609.32568359375,226485
2022-12-28,4652.0,4679.60009765625,4582.0,4588.64990234375,4554.5859375,313366
2022-12-29,4588.64990234375,4610.0,4478.5,4524.4501953125,4490.8623046875,530411
2022-12-30,4550.0,4582.4501953125,4468.10009765625,4477.60009765625,4444.35986328125,348965
2023-01-02,4488.0,4516.7001953125,4446.0,4454.35009765625,4421.2822265625,246577
2023-01-03,4467.0,4508.9501953125,4425.10009765625,4490.89990234375,4457.5615234375,430096
2023-01-04,4495.0,4514.10009765625,4425.0,4433.2998046875,4400.38818359375,414977
2023-01-05,4455.5,4455.5,4356.0,4429.0498046875,4396.169921875,468816
2023-01-06,4442.0498046875,4474.2998046875,4369.0,4387.4501953125,4354.87939453125,299640
2023-01-09,4424.35009765625,4452.14990234375,4381.0498046875,4407.7001953125,4374.97900390625,407803
2023-01-10,4410.0,4489.0,4406.0,4466.64990234375,4433.4912109375,557940
2023-01-11,4474.0,4482.4501953125,4336.0498046875,4360.60009765625,4328.22900390625,462687
2023-01-12,4370.9501953125,4382.39990234375,4325.25,4359.75,4327.384765625,207917
2023-01-13,4365.0,4370.0,4268.0498046875,4335.5498046875,4303.3642578125,366497
2023-01-16,4364.25,4364.25,4285.0,4294.64990234375,4262.767578125,210854
2023-01-17,4316.2001953125,4336.4501953125,4275.0,4322.85009765625,4290.7587890625,294500
2023-01-18,4337.0,4352.0,4305.0,4339.7998046875,4307.58251953125,331806
2023-01-19,4339.7998046875,4339.7998046875,4285.64990234375,4318.14990234375,4286.09326171875,162244
2023-01-20,4302.0,4322.4501953125,4264.2001953125,4285.25,4253.43798828125,242706
2023-01-23,4294.39990234375,4353.5,4286.89990234375,4335.4501953125,4303.2646484375,161350
2023-01-24,4349.9501953125,4349.9501953125,4290.7998046875,4305.0,4273.041015625,178860
2023-01-25,4314.9501953125,4318.0,4194.0,4224.35009765625,4192.990234375,423714
2023-01-27,4228.0,4285.35009765625,4192.10009765625,4244.14990234375,4212.642578125,421866
2023-01-30,4236.5,4260.0,4123.0,4237.7001953125,4206.24072265625,623069
2023-01-31,4239.5,4303.75,4127.0498046875,4255.89990234375,4224.30517578125,671038
2023-02-01,4275.0,4352.0,4211.5,4262.64990234375,4231.00537109375,321331
2023-02-02,4262.0,4262.0,4170.0,4231.5,4200.0869140625,479256
2023-02-03,4245.0,4259.7998046875,4158.0,4251.60009765625,4220.03759765625,413966
2023-02-06,4211.0,4335.64990234375,4189.64990234375,4320.7001953125,4288.625,257669
2023-02-07,4305.0,4360.0,4271.35009765625,4315.60009765625,4283.5625,319090
2023-02-08,4320.0,4404.2998046875,4302.5498046875,4391.25,4358.65087890625,250175
2023-02-09,4347.35009765625,4404.4501953125,4325.0,4389.2998046875,4356.71533203125,284239
2023-02-10,4385.39990234375,4425.2998046875,4350.25,4416.25,4383.46533203125,359807
2023-02-13,4430.39990234375,4439.60009765625,4328.0,4358.64990234375,4326.29296875,272935
2023-02-14,4380.4501953125,4380.4501953125,4251.0498046875,4268.85009765625,4237.1591796875,339582
2023-02-15,4170.0,4514.0,4170.0,4487.89990234375,4454.5830078125,2724361
2023-02-16,4509.9501953125,4668.0,4500.14990234375,4643.14990234375,4608.68017578125,1419679
2023-02-17,4640.14990234375,4668.9501953125,4576.0,4614.7001953125,4580.44189453125,408098
2023-02-20,4593.0,4649.9501953125,4575.35009765625,4610.60009765625,4576.3720703125,232327
2023-02-21,4611.0,4640.0,4491.0,4502.0498046875,4468.6279296875,490637
2023-02-22,4505.0,4535.9501953125,4440.0,4449.10009765625,4416.0712890625,333978
2023-02-23,4471.35009765625,4518.2998046875,4401.0,4448.0498046875,4415.02880859375,443522
2023-02-24,4455.0498046875,4486.0,4396.89990234375,4470.64990234375,4443.455078125,358946
2023-02-27,4485.0,4494.75,4415.0498046875,4439.75,4412.74365234375,215703
2023-02-28,4449.0,4473.39990234375,4361.2998046875,4401.64990234375,4374.875,312308
2023-03-01,4401.64990234375,4446.0,4337.25,4413.7998046875,4386.95068359375,287008
2023-03-02,4429.0,4450.2001953125,4381.35009765625,4402.2001953125,4375.421875,313250
2023-03-03,4416.75,4445.0,4393.89990234375,4408.2998046875,4381.48388671875,168868
2023-03-06,4416.0,4488.89990234375,4412.0498046875,4421.10009765625,4394.20703125,242661
2023-03-08,4414.89990234375,4441.2001953125,4360.0,4376.0498046875,4349.43017578125,246734
2023-03-09,4399.0,4538.25,4385.14990234375,4418.14990234375,4391.2744140625,684685
2023-03-10,4399.7001953125,4399.7001953125,4291.64990234375,4317.25,4290.98876953125,328154
2023-03-13,4327.0,4435.9501953125,4322.0,4345.0,4318.56884765625,496455
2023-03-14,4345.0,4354.75,4275.0,4299.60009765625,4273.4453125,279237
2023-03-15,4334.75,4367.9501953125,4309.2998046875,4328.7998046875,4302.4677734375,279479
2023-03-16,4330.9501953125,4370.0,4266.0,4319.0498046875,4292.77734375,300181
2023-03-17,4340.0,4376.2001953125,4296.7001953125,4346.5,4320.060546875,368653
2023-03-20,4322.0,4353.89990234375,4195.0,4313.0,4286.76416015625,563835
2023-03-21,4320.0,4353.89990234375,4266.0,4274.0,4248.00146484375,239304
2023-03-22,4275.0498046875,4295.0,4211.10009765625,4285.10009765625,4259.03369140625,302705
2023-03-23,4276.0,4299.35009765625,4243.5498046875,4273.0498046875,4247.05712890625,233054
2023-03-24,4277.5,4354.64990234375,4261.0,4283.35009765625,4257.29443359375,354933
2023-03-27,4304.7001953125,4407.89990234375,4277.0,4318.10009765625,4291.8330078125,495895
2023-03-28,4334.7998046875,4343.5,4245.0498046875,4333.60009765625,4307.23876953125,343628
2023-03-29,4333.60009765625,4380.0,4311.10009765625,4363.0,4336.46044921875,250790
2023-03-31,4384.85009765625,4400.9501953125,4299.9501953125,4310.89990234375,4284.6767578125,465663
2023-04-03,4343.5,4343.9501953125,4220.14990234375,4234.35009765625,4208.59228515625,493574
2023-04-05,4250.0,4250.0,4168.0,4200.9501953125,4175.3955078125,622533
2023-04-06,4217.0,4225.0,4183.14990234375,4201.9501953125,4176.3896484375,286725
2023-04-10,4215.0,4243.64990234375,4187.2998046875,4237.0,4211.2265625,323560
2023-04-11,4263.0,4286.7998046875,4221.14990234375,4271.2998046875,4245.31787109375,284178
2023-04-12,4287.7001953125,4328.9501953125,4266.5,4320.2001953125,4293.9208984375,304498
2023-04-13,4329.0,4481.10009765625,4320.2998046875,4398.2998046875,4371.54541015625,1257056
2023-04-17,4410.0,4448.39990234375,4340.0,4386.7001953125,4360.01611328125,334963
2023-04-18,4380.0,4384.10009765625,4293.89990234375,4338.64990234375,4312.2578125,409038
2023-04-19,4355.0,4355.0,4221.5498046875,4320.2998046875,4294.01953125,517278
2023-04-20,4320.2998046875,4358.85009765625,4233.14990234375,4348.39990234375,4321.94921875,484517
2023-04-21,4340.0,4428.0,4318.4501953125,4361.2998046875,4334.77001953125,485292
2023-04-24,4362.2998046875,4462.2001953125,4362.2998046875,4399.0498046875,4372.29052734375,571150
2023-04-25,4409.9501953125,4446.25,4383.10009765625,4416.5,4389.63427734375,252655
2023-04-26,4419.9501953125,4488.7001953125,4401.0,4410.39990234375,4383.57177734375,438486
2023-04-27,4419.85009765625,4438.5,4365.0498046875,4417.5,4390.62841796875,400508
2023-04-28,4442.9501953125,4529.0,4430.9501953125,4513.7001953125,4486.24365234375,713399
2023-05-02,4529.75,4573.2998046875,4476.89990234375,4490.7998046875,4463.482421875,384900
2023-05-03,4509.75,4524.4501953125,4482.0,4515.4501953125,4487.982421875,287955
2023-05-04,4510.0,4569.89990234375,4500.0,4553.2001953125,4525.5029296875,391146
2023-05-05,4550.0,4630.0,4521.5,4602.5,4574.5029296875,332169
2023-05-08,4611.0,4660.0,4585.0,4625.10009765625,4596.9658203125,274255
2023-05-09,4645.89990234375,4647.89990234375,4582.2998046875,4593.0498046875,4565.1103515625,207566
2023-05-10,4593.0498046875,4634.0,4577.0,4601.2998046875,4573.31005859375,293523
2023-05-11,4610.9501953125,4645.0,4584.64990234375,4595.2998046875,4567.3466796875,409446
2023-05-12,4595.0,4640.0,4535.0,4605.25,4577.236328125,427837
2023-05-15,4609.9501953125,4689.0,4591.10009765625,4625.85009765625,4597.71044921875,401847
2023-05-16,4625.0,4642.25,4541.0,4555.10009765625,4527.39111328125,310725
2023-05-17,4580.0498046875,4599.60009765625,4458.0,4482.14990234375,4454.88525390625,266803
2023-05-18,4510.0,4529.89990234375,4433.0,4442.0,4414.97900390625,167057
2023-05-19,4455.0,4465.0,4410.25,4447.14990234375,4420.09814453125,177405
2023-05-22,4459.7998046875,4625.0,4451.9501953125,4605.2998046875,4577.2861328125,361967
2023-05-23,4605.0,4617.0498046875,4533.0,4550.39990234375,4522.72021484375,433331
2023-05-24,4540.9501953125,4607.0,4523.35009765625,4536.4501953125,4508.85498046875,225979
2023-05-25,4569.0,4597.9501953125,4530.9501953125,4568.14990234375,4540.36181640625,202680
2023-05-26,4590.0,4620.0,4551.25,4609.89990234375,4581.8583984375,289579
2023-05-29,4635.0,4665.0,4580.64990234375,4640.4501953125,4612.22216796875,332364
2023-05-30,4672.0,4795.0,4535.4501953125,4599.14990234375,4571.17333984375,1298380
2023-05-31,4600.0,4731.0,4525.0,4621.9501953125,4593.8349609375,1655511
2023-06-01,4689.0,4847.0,4686.0,4814.25,4784.96533203125,1692479
2023-06-02,4839.64990234375,5002.2001953125,4806.0,4967.2998046875,4937.08349609375,1326161
2023-06-05,4967.9501953125,5009.2001953125,4934.0498046875,4950.2001953125,4920.0888671875,698352
2023-06-06,4969.0,4969.4501953125,4893.5,4940.10009765625,4910.04931640625,382992
2023-06-07,4964.4501953125,5040.0,4950.0498046875,5026.4501953125,4995.87451171875,552840
2023-06-08,5020.0,5028.5498046875,4920.0,4926.64990234375,4896.68115234375,411502
2023-06-09,4926.64990234375,4965.85009765625,4907.0498046875,4926.7001953125,4896.7314453125,249400
2023-06-12,4949.0,4995.0,4915.0498046875,4924.75,4894.79248046875,343835
2023-06-13,4925.0,4990.0,4916.75,4951.0498046875,4920.9326171875,308751
2023-06-14,4965.0,5022.5498046875,4951.0498046875,5009.0,4978.5302734375,360156
2023-06-15,5039.9501953125,5259.7998046875,5018.0,5218.75,5187.0048828125,1712253
2023-06-16,5218.75,5294.0,5163.0498046875,5200.0498046875,5168.41796875,797312
2023-06-19,5220.0,5261.9501953125,5135.2998046875,5145.0,5113.703125,327818
2023-06-20,5174.9501953125,5197.89990234375,5101.10009765625,5162.0498046875,5130.64892578125,334154
2023-06-21,5169.85009765625,5173.0,5086.60009765625,5118.75,5087.61328125,410174
2023-06-22,5129.89990234375,5155.0,5055.0,5066.0,5035.18408203125,329800
2023-06-23,5084.39990234375,5084.39990234375,5001.0,5045.4501953125,5014.7587890625,335552
2023-06-26,5049.9501953125,5055.0,5000.0498046875,5036.9501953125,5006.31103515625,430106
2023-06-27,5040.0,5150.0,5036.9501953125,5142.7998046875,5111.5166015625,556456
2023-06-28,5145.0,5175.9501953125,5116.14990234375,5126.89990234375,5095.71337890625,362944
2023-06-30,5128.0,5148.9501953125,5064.0498046875,5098.2001953125,5067.1875,411015
2023-07-03,5127.5,5142.5,5060.0,5068.5,5037.6689453125,150815
2023-07-04,5119.89990234375,5124.7001953125,5052.0498046875,5109.9501953125,5078.8671875,233404
2023-07-05,5125.0,5148.5,5050.39990234375,5077.64990234375,5046.7626953125,279982
2023-07-06,5090.0,5310.0,5070.2001953125,5283.0498046875,5250.91357421875,1251554
2023-07-07,5274.9501953125,5274.9501953125,5130.0,5146.25,5114.94580078125,559765
2023-07-10,5179.85009765625,5203.5,5110.75,5158.35009765625,5126.97216796875,271366
2023-07-11,5200.0,5272.39990234375,5165.10009765625,5257.0,5225.021484375,503174
2023-07-12,5261.64990234375,5288.4501953125,5205.85009765625,5252.0498046875,5220.1015625,263391
2023-07-13,5289.89990234375,5289.89990234375,5168.0,5182.0,5150.47802734375,338327
2023-07-14,5180.0,5198.4501953125,5096.25,5171.7998046875,5140.34033203125,508041
2023-07-17,5152.2001953125,5318.9501953125,5152.2001953125,5219.2998046875,5187.5517578125,469609
2023-07-18,5206.5,5324.0,5106.4501953125,5162.60009765625,5131.19580078125,511024
2023-07-19,5162.60009765625,5223.9501953125,5162.60009765625,5175.60009765625,5144.1171875,265631
2023-07-20,5170.0,5210.0,5132.64990234375,5195.4501953125,5163.84619140625,276787
2023-07-21,5130.0498046875,5253.0,5125.0498046875,5204.89990234375,5173.23876953125,313184
2023-07-24,5144.0,5225.7001953125,5144.0,5180.7998046875,5149.28466796875,249814
2023-07-25,5153.7998046875,5220.0,5153.7998046875,5212.2001953125,5180.4951171875,547945
2023-07-26,5196.0,5255.0,5143.0498046875,5155.75,5124.3876953125,297720
2023-07-27,5146.75,5265.0,5144.2001953125,5215.5,5183.7744140625,363050
2023-07-28,5177.0,5364.0,5177.0,5346.9501953125,5314.4248046875,453505
2023-07-31,5339.9501953125,5339.9501953125,5158.5498046875,5173.4501953125,5141.98046875,689230
2023-08-01,5210.0,5210.0,5021.5498046875,5032.39990234375,5001.7880859375,1044095
2023-08-02,5033.0,5043.7001953125,4976.0,4996.75,4966.35498046875,1016605
2023-08-03,4960.0,5030.0,4956.2998046875,4996.2998046875,4965.90771484375,412037
2023-08-04,5025.0,5036.4501953125,4964.0,4980.2998046875,4950.00439453125,358846
2023-08-07,4980.2998046875,5024.89990234375,4956.35009765625,5014.39990234375,4983.89697265625,608113
2023-08-08,5017.0,5055.0,4980.14990234375,5023.35009765625,4992.79296875,519420
2023-08-09,5023.35009765625,5026.0,4958.0,4981.35009765625,4951.04833984375,268668
2023-08-10,4981.39990234375,4981.4501953125,4903.60009765625,4922.5,4892.55712890625,370166
2023-08-11,4930.0,5012.0,4811.14990234375,4906.14990234375,4876.3056640625,1066479
2023-08-14,4863.0,4927.5498046875,4730.0,4820.85009765625,4791.525390625,832136
2023-08-16,4800.0,4953.9501953125,4754.10009765625,4941.89990234375,4911.8388671875,667417
2023-08-17,4940.5,4960.0,4872.5498046875,4892.75,4871.85986328125,375779
2023-08-18,4874.9501953125,4895.0,4825.10009765625,4848.35009765625,4836.54638671875,336848
2023-08-21,4881.0,4945.4501953125,4840.0,4932.64990234375,4920.640625,243126
2023-08-22,4947.89990234375,4959.0,4906.14990234375,4919.64990234375,4907.67236328125,175172
2023-08-23,4958.0,4987.0,4911.0,4945.60009765625,4933.5595703125,597123
2023-08-24,4955.0,4983.5,4900.10009765625,4919.9501953125,4907.97216796875,534065
2023-08-25,4900.0,4913.10009765625,4846.0,4865.5,4853.654296875,249504
2023-08-28,4874.89990234375,4911.85009765625,4842.0,4905.4501953125,4893.50732421875,204098
2023-08-29,4906.0,4945.0,4858.89990234375,4878.39990234375,4866.52294921875,591619
2023-08-30,4881.9501953125,4889.9501953125,4845.0,4874.5,4862.63232421875,396122
2023-08-31,4887.4501953125,4911.7998046875,4805.7998046875,4814.10009765625,4802.3798828125,488260
2023-09-01,4840.0,4849.9501953125,4801.2001953125,4840.35009765625,4828.5654296875,206097
2023-09-04,4860.0,4870.0,4817.60009765625,4824.85009765625,4813.103515625,354446
2023-09-05,4860.0,4992.0,4832.0498046875,4984.5,4972.36474609375,800554
2023-09-06,4980.0,5043.64990234375,4954.0,5033.10009765625,5020.8466796875,535407
2023-09-07,5029.9501953125,5044.89990234375,4987.0,5029.0498046875,5016.8056640625,334709
2023-09-08,5040.0,5049.7998046875,4977.9501953125,4985.14990234375,4973.0126953125,292671
2023-09-11,5004.0,5106.7998046875,5003.75,5095.9501953125,5083.54345703125,543287
2023-09-12,5111.0,5125.0,4966.0,4979.2001953125,4967.07763671875,483061
2023-09-13,4975.0,5021.2001953125,4945.0,5011.0,4998.80029296875,232238
2023-09-14,5001.0,5100.0,4995.5,5084.5498046875,5072.1708984375,414391
2023-09-15,5084.5498046875,5150.39990234375,5061.7001953125,5091.7998046875,5079.4033203125,658355
2023-09-18,5100.0,5162.0,5067.35009765625,5075.14990234375,5062.7939453125,371912
2023-09-20,5051.4501953125,5059.7998046875,4929.0,5006.2998046875,4994.111328125,509910
2023-09-21,4990.0,5046.9501953125,4975.4501953125,5020.0498046875,5007.828125,422586
2023-09-22,5013.0,5016.7998046875,4955.0,4989.5498046875,4977.40234375,348459
2023-09-25,5014.89990234375,5113.4501953125,4972.85009765625,5097.0498046875,5084.640625,386746
2023-09-26,5097.0,5097.0,5030.25,5053.7001953125,5041.396484375,267102
2023-09-27,5054.0,5118.85009765625,5020.0,5105.35009765625,5092.9208984375,460768
2023-09-28,5105.35009765625,5145.5,4995.0,5020.10009765625,5007.8779296875,407714
2023-09-29,5054.0,5186.9501953125,5026.60009765625,5137.75,5125.24169921875,410567
2023-10-03,5138.9501953125,5154.9501953125,5066.0,5118.9501953125,5106.48779296875,268482
2023-10-04,5085.0,5096.85009765625,4982.2998046875,5047.39990234375,5035.11181640625,442482
2023-10-05,5054.9501953125,5079.85009765625,5026.64990234375,5047.0498046875,5034.76220703125,363289
2023-10-06,5050.0,5084.0,5028.7998046875,5060.25,5047.93017578125,407753
2023-10-09,5000.0,5066.0,4987.0498046875,5047.2998046875,5035.01171875,176296
2023-10-10,5068.9501953125,5084.5498046875,5033.0,5066.7001953125,5054.36474609375,202645
2023-10-11,5072.9501953125,5140.0,5065.0,5092.85009765625,5080.451171875,336099
2023-10-12,5092.7998046875,5113.9501953125,4871.7001953125,4993.85009765625,4981.69189453125,1029595
2023-10-13,4988.9501953125,5029.10009765625,4933.75,5017.2998046875,5005.08447265625,410013
2023-10-16,5030.0,5049.4501953125,4986.39990234375,5021.7001953125,5009.47412109375,259806
2023-10-17,5050.0,5068.0,5012.2001953125,5028.7998046875,5016.556640625,217907
2023-10-18,5021.0,5039.9501953125,4938.4501953125,4977.25,4965.13232421875,341459
2023-10-19,4977.25,5019.9501953125,4935.14990234375,4997.0498046875,4984.8837890625,231958
2023-10-20,4990.10009765625,4999.9501953125,4940.5,4977.5498046875,4965.43115234375,252447
2023-10-23,4977.0,5010.5498046875,4944.14990234375,4969.5498046875,4957.45068359375,363474
2023-10-25,4960.0,4971.35009765625,4831.5,4859.89990234375,4848.06787109375,894230
2023-10-26,4859.89990234375,4859.89990234375,4726.0,4760.2998046875,4748.71044921875,836962
2023-10-27,4779.9501953125,4860.5498046875,4776.7998046875,4830.2001953125,4818.4404296875,333727
2023-10-30,4840.0,4868.39990234375,4783.0498046875,4841.75,4829.96240234375,234759
2023-10-31,4832.0,4899.64990234375,4805.2001953125,4819.89990234375,4808.16552734375,276660
2023-11-01,4835.0,4856.0,4790.0,4796.5498046875,4784.8720703125,281746
2023-11-02,4837.7998046875,4895.0,4810.2001953125,4887.0,4875.10205078125,214035
2023-11-03,4950.75,5165.5,4937.0498046875,5153.2001953125,5140.654296875,1262458
2023-11-06,5141.0498046875,5228.0,5127.5,5164.9501953125,5152.37548828125,399720
2023-11-07,5150.0,5181.9501953125,5121.0498046875,5136.85009765625,5124.34423828125,222204
2023-11-08,5135.0,5153.64990234375,5087.4501953125,5110.9501953125,5098.50732421875,400498
2023-11-09,5147.5,5313.0,5122.0498046875,5297.60009765625,5284.70263671875,1032216
2023-11-10,5300.0,5338.0,5218.64990234375,5278.5,5265.64892578125,696409
2023-11-13,5250.0,5279.0,5200.2001953125,5220.64990234375,5207.939453125,150128
2023-11-15,5283.85009765625,5295.0,5207.0,5224.9501953125,5212.2294921875,356675
2023-11-16,5224.0,5368.0,5201.75,5338.75,5325.75244140625,449045
2023-11-17,5332.2001953125,5493.35009765625,5306.14990234375,5478.9501953125,5465.61083984375,735541
2023-11-20,5475.0,5595.0,5455.0498046875,5473.9501953125,5460.62353515625,526567
2023-11-21,5500.0,5520.2998046875,5422.39990234375,5466.7998046875,5453.490234375,382979
2023-11-22,5467.0,5539.9501953125,5439.14990234375,5532.0,5518.5322265625,302473
2023-11-23,5530.0,5550.0,5473.2998046875,5493.9501953125,5480.57470703125,234584
2023-11-24,5493.0,5493.0,5395.0,5401.2998046875,5388.1494140625,270183
2023-11-28,5401.2998046875,5424.85009765625,5341.0,5366.7998046875,5353.73388671875,362746
2023-11-29,5372.10009765625,5435.0,5364.5,5421.9501953125,5408.74951171875,277119
2023-11-30,5382.0,5550.0,5382.0,5528.9501953125,5515.4892578125,775261
2023-12-01,5550.0,5687.64990234375,5530.35009765625,5591.14990234375,5577.5380859375,546990
2023-12-04,5626.0,5658.25,5569.60009765625,5622.5498046875,5608.861328125,936113
2023-12-05,5610.0,5689.0,5525.0,5580.2001953125,5566.61474609375,787929
2023-12-06,5534.14990234375,5639.0,5508.75,5543.10009765625,5529.60498046875,574427
2023-12-07,5490.25,5519.7998046875,5441.5,5461.39990234375,5448.103515625,510609
2023-12-08,5495.0,5572.5498046875,5439.0498046875,5555.35009765625,5541.8251953125,456382
2023-12-11,5550.0,5555.35009765625,5490.0,5547.35009765625,5533.84423828125,238128
2023-12-12,5550.0,5550.0,5403.2001953125,5428.9501953125,5415.732421875,615205
2023-12-13,5402.9501953125,5452.0,5369.39990234375,5426.75,5413.5380859375,476781
2023-12-14,5494.7998046875,5532.9501953125,5452.10009765625,5515.89990234375,5502.470703125,490550
2023-12-15,5530.0,5588.0,5500.0,5551.2001953125,5537.68505859375,349758
2023-12-18,5550.5,5607.75,5494.0,5498.64990234375,5485.2626953125,428321
2023-12-19,5508.7998046875,5675.35009765625,5503.7001953125,5555.5,5541.974609375,682732
2023-12-20,5555.5,5605.7998046875,5375.10009765625,5402.2001953125,5389.04833984375,437044
2023-12-21,5344.0,5553.0,5284.85009765625,5475.85009765625,5462.5185546875,487514
2023-12-22,5510.0,5549.0,5462.7001953125,5541.39990234375,5527.90869140625,220537
2023-12-26,5541.39990234375,5645.0,5526.14990234375,5633.14990234375,5619.435546875,243281
2023-12-27,5635.0,5715.0,5615.60009765625,5687.4501953125,5673.603515625,307177
2023-12-28,5675.0,5770.0,5674.75,5760.5,5746.47509765625,568149
2023-12-29,5740.0,5758.9501953125,5677.2998046875,5704.10009765625,5690.212890625,325682
2024-01-01,5741.0,5765.0,5707.85009765625,5750.0498046875,5736.05078125,127030
2024-01-02,5738.10009765625,5782.64990234375,5680.0,5746.35009765625,5732.3603515625,166449
2024-01-03,5730.0,5786.0,5673.0498046875,5768.2998046875,5754.25634765625,198997
2024-01-04,5768.2998046875,5839.9501953125,5731.5,5762.2001953125,5748.17138671875,220702
2024-01-05,5762.2001953125,5808.7998046875,5715.0,5754.25,5740.24072265625,144894
2024-01-08,5750.0,5774.85009765625,5640.0,5682.0,5668.16650390625,157009
2024-01-09,5702.2001953125,5849.0,5674.7001953125,5797.64990234375,5783.53515625,329437
2024-01-10,5800.0,5819.2998046875,5721.2998046875,5800.89990234375,5786.77685546875,239740
2024-01-11,5804.0,5892.0,5802.25,5869.89990234375,5855.609375,213210
2024-01-12,5870.0,5922.0,5742.85009765625,5795.7001953125,5781.59033203125,250919
2024-01-15,5835.0,5924.14990234375,5804.0,5896.39990234375,5882.04443359375,375458
2024-01-16,5882.0,5967.4501953125,5829.0,5904.5498046875,5890.1748046875,347797
2024-01-17,5872.85009765625,5980.35009765625,5831.25,5925.89990234375,5911.47314453125,378205
2024-01-18,5959.0,6028.9501953125,5838.0,5990.85009765625,5976.2646484375,591170
2024-01-19,5987.0,6120.0,5951.0,6094.64990234375,6079.81201171875,326813
2024-01-23,6428.0,6428.7001953125,6133.64990234375,6153.75,6138.76806640625,982889
2024-01-24,6153.5498046875,6230.0,6083.35009765625,6213.35009765625,6198.22314453125,435151
2024-01-25,6210.0498046875,6238.2001953125,6119.10009765625,6168.85009765625,6153.83154296875,337391
2024-01-29,6199.0498046875,6349.0,6177.7998046875,6329.75,6314.33935546875,554591
2024-01-30,6331.0,6387.85009765625,6283.7998046875,6309.7998046875,6294.43798828125,304312
2024-01-31,6280.0,6371.64990234375,6255.5498046875,6352.9501953125,6337.4833984375,499281
2024-02-01,6289.64990234375,6377.0,6267.7998046875,6287.9501953125,6272.6416015625,255111
2024-02-02,6320.0,6359.0498046875,6291.2998046875,6320.5498046875,6305.16162109375,239428
2024-02-05,6320.5498046875,6346.60009765625,6209.2001953125,6234.5,6219.32177734375,147909
2024-02-06,6259.9501953125,6297.89990234375,6155.0498046875,6197.2998046875,6182.21142578125,326654
2024-02-07,6237.75,6248.85009765625,6155.0,6177.9501953125,6162.9091796875,323738
2024-02-08,6201.5,6363.2001953125,6150.0,6231.0,6215.830078125,794455
2024-02-09,6269.39990234375,6473.9501953125,6213.60009765625,6437.35009765625,6421.677734375,933104
2024-02-12,6464.89990234375,6677.7998046875,6375.0,6614.4501953125,6598.3466796875,709946
2024-02-13,6614.4501953125,6740.0,6598.25,6718.89990234375,6702.5419921875,521773
2024-02-14,6718.7998046875,6775.0,6700.0,6754.10009765625,6737.65625,452781
2024-02-15,6750.0,6764.39990234375,6585.60009765625,6627.60009765625,6611.46435546875,446114
2024-02-16,6631.0498046875,6660.4501953125,6525.10009765625,6600.5498046875,6584.47998046875,391508
2024-02-19,6620.0,6675.9501953125,6511.0498046875,6657.14990234375,6640.9423828125,334607
2024-02-20,6667.5,6785.0,6637.85009765625,6759.4501953125,6749.07666015625,559251
2024-02-21,6784.9501953125,6821.9501953125,6717.2998046875,6760.14990234375,6749.77490234375,537325
2024-02-22,6765.0,6874.4501953125,6690.0498046875,6769.2001953125,6758.8115234375,564432
2024-02-23,6779.0,6786.7998046875,6723.10009765625,6774.0498046875,6763.65380859375,352524
2024-02-26,6769.9501953125,6791.75,6570.89990234375,6584.0,6573.8955078125,453443
2024-02-27,6588.0,6668.4501953125,6570.0,6620.60009765625,6610.439453125,313760
2024-02-28,6630.0,6630.0,6345.2998046875,6362.35009765625,6352.5859375,536602
2024-02-29,6392.5498046875,6392.5498046875,6062.0498046875,6101.60009765625,6092.23583984375,1543361
2024-03-01,6102.0,6107.0,5941.85009765625,6085.39990234375,6076.060546875,1749136
2024-03-04,6145.0,6171.75,6022.85009765625,6033.2998046875,6024.04052734375,551616
2024-03-05,6035.0498046875,6103.5,5976.2001953125,6061.10009765625,6051.79833984375,724456
2024-03-06,6025.0,6078.89990234375,5945.0,6054.2998046875,6045.00830078125,588776
2024-03-07,6065.5,6142.85009765625,6032.0,6048.7998046875,6039.5166015625,738112
2024-03-11,6048.7998046875,6225.0,6036.10009765625,6204.7001953125,6195.177734375,521556
2024-03-12,6240.0,6274.25,6107.5,6144.7998046875,6135.369140625,482112
2024-03-13,6180.0,6180.0,5956.0498046875,6008.39990234375,5999.1787109375,356191
2024-03-14,6008.39990234375,6095.0,5980.0,6023.14990234375,6013.90625,439181
2024-03-15,6015.0,6030.85009765625,5941.60009765625,5983.2001953125,5974.017578125,764270
2024-03-18,5997.75,6144.9501953125,5978.64990234375,6136.5498046875,6127.1318359375,419258
2024-03-19,6077.0,6125.7001953125,6034.0498046875,6113.2001953125,6103.818359375,542392
2024-03-20,6148.0,6200.7001953125,6073.4501953125,6174.0498046875,6164.57470703125,413963
2024-03-21,6189.89990234375,6214.39990234375,6105.60009765625,6182.5,6173.01171875,350032
2024-03-22,6169.14990234375,6390.89990234375,6168.7001953125,6375.89990234375,6366.11474609375,727548
2024-03-26,6398.0,6463.4501953125,6309.5,6322.4501953125,6312.7470703125,629120
2024-03-27,6355.0,6399.39990234375,6220.0,6231.4501953125,6221.88671875,603420
2024-03-28,6231.4501953125,6425.60009765625,6112.5,6356.7998046875,6347.0439453125,818070
2024-04-01,6401.0,6557.0,6372.75,6457.25,6447.33984375,440465
2024-04-02,6469.5,6469.5,6404.2001953125,6419.75,6409.8974609375,213898
2024-04-03,6399.5498046875,6409.0,6311.0,6375.0498046875,6365.26611328125,289202
2024-04-04,6425.0,6475.0,6326.39990234375,6440.60009765625,6430.7158203125,547885
2024-04-05,6440.60009765625,6480.0,6381.5498046875,6397.75,6387.93115234375,239001
2024-04-08,6397.75,6397.75,6280.0,6307.75,6298.0693359375,491584
2024-04-09,6347.7998046875,6540.0,6330.9501953125,6505.0498046875,6495.06640625,592624
2024-04-10,6505.0498046875,6515.89990234375,6451.0,6489.85009765625,6479.89013671875,174947
2024-04-12,6450.0,6477.89990234375,6362.7001953125,6406.5498046875,6396.7177734375,450885
2024-04-15,6325.10009765625,6399.10009765625,6283.0,6303.14990234375,6293.4765625,251305
2024-04-16,6299.9501953125,6347.60009765625,6202.0,6334.75,6325.02783203125,290190
2024-04-18,6306.10009765625,6334.39990234375,6053.2001953125,6074.14990234375,6064.828125,518459
2024-04-19,6140.0,6199.0,6050.0,6169.5498046875,6160.08154296875,560178
2024-04-22,6154.5,6258.0,6150.0,6238.5498046875,6228.9755859375,197001
2024-04-23,6241.5,6303.7998046875,6181.0,6194.89990234375,6185.392578125,217146
2024-04-24,6229.89990234375,6310.5,6186.14990234375,6283.35009765625,6273.70703125,207837
2024-04-25,6280.0,6402.2001953125,6168.85009765625,6384.10009765625,6374.30224609375,520353
2024-04-26,6380.0,6380.0,6251.0498046875,6258.60009765625,6248.9951171875,261065
2024-04-29,6200.0,6200.0,5733.0,5968.35009765625,5959.1904296875,2785015
2024-04-30,6000.0,6023.0,5901.0,5947.10009765625,5937.97314453125,1040838
2024-05-02,5947.10009765625,6000.0,5939.4501953125,5958.5498046875,5949.4052734375,572406
2024-05-03,6000.0,6027.7001953125,5960.0498046875,6009.60009765625,6000.376953125,563849
2024-05-06,6050.0,6086.14990234375,5986.2001953125,6056.7001953125,6047.40478515625,419144
2024-05-07,6080.0,6080.0,5856.39990234375,5900.25,5891.19482421875,455928
2024-05-08,5892.0,5910.0,5812.64990234375,5846.5,5837.52734375,511587
2024-05-09,5859.89990234375,5892.0,5790.0,5806.39990234375,5797.48876953125,598157
2024-05-10,5819.9501953125,5881.0,5753.25,5842.4501953125,5833.48388671875,372227
2024-05-13,5820.0,5842.39990234375,5790.2001953125,5830.14990234375,5821.2021484375,348407
2024-05-14,5855.0,5894.64990234375,5740.0,5862.7998046875,5853.80224609375,558136
2024-05-15,5869.9501953125,5883.4501953125,5820.0,5848.7998046875,5839.82373046875,509306
2024-05-16,5890.0,5944.5,5850.0,5931.7001953125,5922.5966796875,378026
2024-05-17,5925.0,5973.0,5910.10009765625,5953.0498046875,5943.91357421875,267904
2024-05-21,6000.0,6041.89990234375,5920.39990234375,5948.25,5939.12109375,606639
2024-05-22,5958.60009765625,5958.60009765625,5844.9501953125,5868.14990234375,5859.14404296875,735701
2024-05-23,5878.4501953125,5991.4501953125,5860.60009765625,5970.0498046875,5960.8876953125,308200
2024-05-24,5938.2998046875,5971.85009765625,5867.0,5914.35009765625,5905.2734375,608807
2024-05-27,5950.0,5959.5,5918.0,5939.2998046875,5930.1845703125,189637
2024-05-28,5944.14990234375,5971.4501953125,5880.2998046875,5904.5,5895.4384765625,314362
2024-05-29,5909.89990234375,5945.0,5880.89990234375,5903.4501953125,5894.39013671875,337183
2024-05-30,5900.0,5901.75,5750.0,5766.4501953125,5757.6005859375,643549
2024-05-31,5855.9501953125,5959.35009765625,5743.0,5839.2001953125,5830.23876953125,1382132
2024-06-03,5986.2998046875,6018.14990234375,5812.5498046875,5851.2001953125,5842.22021484375,804820
2024-06-04,5750.35009765625,5963.75,5693.2001953125,5845.7001953125,5836.72900390625,642000
2024-06-05,5915.0,5944.75,5776.7998046875,5934.64990234375,5925.5419921875,487289
2024-06-06,5970.0,5975.0,5900.0,5962.0,5952.85009765625,490549
2024-06-07,5987.75,6031.0,5965.4501953125,6014.5498046875,6005.3193359375,436163
2024-06-10,6040.0,6075.0,5992.0498046875,6056.7001953125,6047.40478515625,443756
2024-06-11,6081.75,6167.25,6059.2001953125,6107.9501953125,6098.576171875,521348
2024-06-12,6117.2998046875,6188.85009765625,6075.0,6168.60009765625,6159.13330078125,321285
2024-06-13,6207.9501953125,6210.5498046875,6160.0,6206.2001953125,6196.67578125,401804
2024-06-14,6210.0,6219.9501953125,6175.0,6207.60009765625,6198.0732421875,216573
2024-06-18,6225.0,6249.7998046875,6166.2001953125,6236.35009765625,6226.779296875,267887
2024-06-19,6265.0,6269.0,6128.0498046875,6173.5498046875,6164.0751953125,401714
2024-06-20,6165.7001953125,6193.7001953125,6115.75,6175.85009765625,6166.3720703125,252844
2024-06-21,6152.2001953125,6239.10009765625,6145.0,6170.0,6160.53076171875,434583
2024-06-24,6170.0,6295.0,6156.14990234375,6259.5498046875,6249.943359375,357273
2024-06-25,6258.0,6315.0,6242.25,6295.35009765625,6285.6884765625,348730
2024-06-26,6279.7998046875,6285.64990234375,6125.0,6136.7998046875,6127.3818359375,538411
2024-06-27,6115.75,6200.39990234375,6055.0,6192.5,6182.99658203125,440975
2024-06-28,6222.5,6222.5,6145.14990234375,6185.7001953125,6176.20703125,334692
2024-07-01,6180.0,6180.0,6108.4501953125,6140.5,6131.076171875,374933
2024-07-02,6134.75,6163.75,6077.0,6097.60009765625,6088.2421875,436037
2024-07-03,6132.25,6217.75,6079.0498046875,6192.7001953125,6183.1962890625,188203
2024-07-04,6200.9501953125,6244.0,6161.0,6225.0498046875,6215.49609375,222050
2024-07-05,6201.0,6342.85009765625,6159.0,6328.5498046875,6318.83740234375,350300
2024-07-08,6380.0,6387.9501953125,6292.7998046875,6317.4501953125,6307.7548828125,317731
2024-07-09,6309.2998046875,6350.39990234375,6255.89990234375,6320.2998046875,6310.60009765625,176239
2024-07-10,6320.2998046875,6417.0,6301.14990234375,6375.7001953125,6365.91552734375,295890
2024-07-11,6395.89990234375,6411.64990234375,6340.0,6389.0498046875,6379.24462890625,354777
2024-07-12,6385.2001953125,6419.9501953125,6320.0,6353.89990234375,6344.1484375,211028
2024-07-15,6340.5,6466.7001953125,6340.5,6437.25,6427.37060546875,359221
2024-07-16,6437.25,6464.0,6403.0,6453.7001953125,6443.7958984375,298376
2024-07-18,6432.0,6539.7001953125,6430.0,6520.85009765625,6510.8427734375,583444
2024-07-19,6525.25,6525.25,6365.0,6381.9501953125,6372.15576171875,228785
2024-07-22,6381.9501953125,6434.0,6370.14990234375,6402.14990234375,6392.32470703125,222285
2024-07-23,6404.0,6474.39990234375,6324.7998046875,6403.60009765625,6393.7724609375,284679
2024-07-24,6400.0,6443.9501953125,6350.0498046875,6422.60009765625,6412.7431640625,309594
2024-07-25,6404.7998046875,6434.14990234375,6372.0,6385.7998046875,6375.99951171875,412373
2024-07-26,6433.0,6679.9501953125,6393.5498046875,6664.5498046875,6654.32177734375,432671
2024-07-29,6777.0,6777.0,6616.39990234375,6681.64990234375,6671.3955078125,367708
2024-07-30,6681.64990234375,6713.14990234375,6584.10009765625,6641.0,6630.80810546875,264929
2024-07-31,6664.25,6686.75,6584.14990234375,6615.2998046875,6605.1474609375,352268
2024-08-01,6615.2998046875,6735.0,6606.60009765625,6706.39990234375,6696.107421875,361725
2024-08-02,6706.39990234375,6795.85009765625,6681.0,6710.14990234375,6699.85205078125,587569
2024-08-05,6689.0,6756.5,6600.0498046875,6687.60009765625,6677.33642578125,907845
2024-08-06,6689.14990234375,6735.0,6631.0498046875,6657.7001953125,6647.482421875,334936
2024-08-07,6701.2001953125,6768.0,6662.0,6720.35009765625,6710.0361328125,358284
2024-08-08,6740.0,6744.35009765625,6500.0,6541.89990234375,6531.85986328125,509454
2024-08-09,6582.25,6598.0,6530.0,6587.85009765625,6577.73974609375,115598
2024-08-12,6550.0,6591.89990234375,6420.9501953125,6502.39990234375,6492.4208984375,230114
2024-08-13,6510.2998046875,6642.0,6510.2998046875,6589.39990234375,6579.287109375,400126
2024-08-14,6600.0,6865.0,6460.25,6515.85009765625,6505.85009765625,1723346
2024-08-16,6556.2001953125,6714.7998046875,6556.0,6686.89990234375,6686.89990234375,611092
2024-08-19,6750.0,6756.89990234375,6565.0498046875,6724.89990234375,6724.89990234375,398225
2024-08-20,6775.0,6788.60009765625,6650.0,6672.89990234375,6672.89990234375,146064
2024-08-21,6675.0,6788.5,6627.10009765625,6752.4501953125,6752.4501953125,291296
2024-08-22,6760.5498046875,6858.0,6751.0,6830.5498046875,6830.5498046875,344641
2024-08-23,6864.0,6927.39990234375,6830.7001953125,6860.7001953125,6860.7001953125,468784
